datetime,lmp
2023-03-09 08:00:00+00:00,93.1009825
2023-03-09 09:00:00+00:00,91.60070666666667
2023-03-09 10:00:00+00:00,94.77500583333334
2023-03-09 11:00:00+00:00,94.53271416666666
2023-03-09 12:00:00+00:00,89.5489
2023-03-09 13:00:00+00:00,100.32185916666667
2023-03-09 14:00:00+00:00,96.75141
2023-03-09 15:00:00+00:00,95.61999333333334
2023-03-09 16:00:00+00:00,97.45703916666668
2023-03-09 17:00:00+00:00,81.50061083333334
2023-03-09 18:00:00+00:00,114.45672583333334
2023-03-09 19:00:00+00:00,145.11433666666667
2023-03-09 20:00:00+00:00,133.91664166666666
2023-03-09 21:00:00+00:00,141.79756749999999
2023-03-09 22:00:00+00:00,140.3741183333333
2023-03-09 23:00:00+00:00,152.64895083333332
2023-03-10 00:00:00+00:00,106.53081583333334
2023-03-10 01:00:00+00:00,101.51711083333333
2023-03-10 02:00:00+00:00,97.75003583333334
2023-03-10 03:00:00+00:00,93.76378
2023-03-10 04:00:00+00:00,90.04201166666667
2023-03-10 05:00:00+00:00,77.45398166666666
2023-03-10 06:00:00+00:00,71.830625
2023-03-10 07:00:00+00:00,65.9922725
2023-03-10 08:00:00+00:00,62.2393175
2023-03-10 09:00:00+00:00,60.76322666666667
2023-03-10 10:00:00+00:00,58.941062499999994
2023-03-10 11:00:00+00:00,59.8487575
2023-03-10 12:00:00+00:00,57.20533666666666
2023-03-10 13:00:00+00:00,61.36208333333334
2023-03-10 14:00:00+00:00,71.84371666666667
2023-03-10 15:00:00+00:00,77.42164166666667
2023-03-10 16:00:00+00:00,79.07502749999999
2023-03-10 17:00:00+00:00,82.11384083333333
2023-03-10 18:00:00+00:00,104.89797166666666
2023-03-10 19:00:00+00:00,105.38241916666668
2023-03-10 20:00:00+00:00,71.66470333333334
2023-03-10 21:00:00+00:00,49.19657
2023-03-10 22:00:00+00:00,51.387212500000004
2023-03-10 23:00:00+00:00,61.82730916666667
2023-03-11 00:00:00+00:00,62.659685833333334
2023-03-11 01:00:00+00:00,68.5623625
2023-03-11 02:00:00+00:00,64.24128166666667
2023-03-11 03:00:00+00:00,64.74980416666666
2023-03-11 04:00:00+00:00,66.20916666666666
2023-03-11 05:00:00+00:00,63.25517666666667
2023-03-11 06:00:00+00:00,58.426883333333336
2023-03-11 07:00:00+00:00,52.759119999999996
2023-03-11 08:00:00+00:00,52.2480325
2023-03-11 09:00:00+00:00,55.50235166666667
2023-03-11 10:00:00+00:00,53.19683416666666
2023-03-11 11:00:00+00:00,50.86475333333333
2023-03-11 12:00:00+00:00,52.666075
2023-03-11 13:00:00+00:00,63.326905000000004
2023-03-11 14:00:00+00:00,67.3149475
2023-03-11 15:00:00+00:00,52.66679833333333
2023-03-11 16:00:00+00:00,64.77742416666666
2023-03-11 17:00:00+00:00,62.831470833333334
2023-03-11 18:00:00+00:00,51.098330833333335
2023-03-11 19:00:00+00:00,42.01549416666666
2023-03-11 20:00:00+00:00,42.407939166666665
2023-03-11 21:00:00+00:00,39.04955916666667
2023-03-11 22:00:00+00:00,25.750853333333335
2023-03-11 23:00:00+00:00,38.59412833333334
2023-03-12 00:00:00+00:00,49.33670083333334
2023-03-12 01:00:00+00:00,66.52734083333333
2023-03-12 02:00:00+00:00,76.35442166666667
2023-03-12 03:00:00+00:00,76.94794666666667
2023-03-12 04:00:00+00:00,71.48513166666666
2023-03-12 05:00:00+00:00,84.59182083333333
2023-03-12 06:00:00+00:00,106.04384416666666
2023-03-12 07:00:00+00:00,99.82798583333334
2023-03-12 08:00:00+00:00,92.75647500000001
2023-03-12 09:00:00+00:00,92.95669500000001
2023-03-12 10:00:00+00:00,94.1068525
2023-03-12 11:00:00+00:00,69.38764583333334
2023-03-12 12:00:00+00:00,71.51803333333334
2023-03-12 13:00:00+00:00,73.8733725
2023-03-12 14:00:00+00:00,71.99264
2023-03-12 15:00:00+00:00,66.94364166666666
2023-03-12 16:00:00+00:00,55.11602250000001
2023-03-12 17:00:00+00:00,94.33188916666666
2023-03-12 18:00:00+00:00,86.31882999999999
2023-03-12 19:00:00+00:00,105.63694416666668
2023-03-12 20:00:00+00:00,113.54165499999999
2023-03-12 21:00:00+00:00,103.05597583333333
2023-03-12 22:00:00+00:00,106.18131
2023-03-12 23:00:00+00:00,66.17745916666667
2023-03-13 00:00:00+00:00,52.1023925
2023-03-13 01:00:00+00:00,93.00790083333334
2023-03-13 02:00:00+00:00,96.2703075
2023-03-13 03:00:00+00:00,87.64672833333333
2023-03-13 04:00:00+00:00,91.18470833333333
2023-03-13 05:00:00+00:00,88.676595
2023-03-13 06:00:00+00:00,85.88988666666667
2023-03-13 07:00:00+00:00,60.0970725
2023-03-13 08:00:00+00:00,51.620330833333334
2023-03-13 09:00:00+00:00,58.88029666666667
2023-03-13 10:00:00+00:00,68.23466
2023-03-13 11:00:00+00:00,73.27622916666667
2023-03-13 12:00:00+00:00,89.94073916666667
2023-03-13 13:00:00+00:00,92.99090583333333
2023-03-13 14:00:00+00:00,96.03844333333335
2023-03-13 15:00:00+00:00,58.006034166666666
2023-03-13 16:00:00+00:00,48.856994166666674
2023-03-13 17:00:00+00:00,45.90239333333333
2023-03-13 18:00:00+00:00,35.44832833333333
2023-03-13 19:00:00+00:00,35.71346416666666
2023-03-13 20:00:00+00:00,11.516384166666667
2023-03-13 21:00:00+00:00,8.230604166666666
2023-03-13 22:00:00+00:00,20.2650225
2023-03-13 23:00:00+00:00,12.334434166666668
2023-03-14 00:00:00+00:00,39.0967875
2023-03-14 01:00:00+00:00,74.3072125
2023-03-14 02:00:00+00:00,93.15007916666667
2023-03-14 03:00:00+00:00,76.18875333333334
2023-03-14 04:00:00+00:00,86.61836666666666
2023-03-14 05:00:00+00:00,79.15701166666666
2023-03-14 06:00:00+00:00,74.73452416666667
2023-03-14 07:00:00+00:00,69.2464275
2023-03-14 08:00:00+00:00,58.47492666666667
2023-03-14 09:00:00+00:00,56.25558833333333
2023-03-14 10:00:00+00:00,55.26649666666666
2023-03-14 11:00:00+00:00,58.464601666666674
2023-03-14 12:00:00+00:00,76.11879416666666
2023-03-14 13:00:00+00:00,87.1592625
2023-03-14 14:00:00+00:00,86.37574416666666
2023-03-14 15:00:00+00:00,102.58711416666667
2023-03-14 16:00:00+00:00,162.34548583333333
2023-03-14 17:00:00+00:00,89.89301666666667
2023-03-14 18:00:00+00:00,74.71080416666666
2023-03-14 19:00:00+00:00,79.11860583333333
2023-03-14 20:00:00+00:00,79.76327916666666
2023-03-14 21:00:00+00:00,88.46691
2023-03-14 22:00:00+00:00,80.05909333333334
2023-03-14 23:00:00+00:00,67.47461666666668
2023-03-15 00:00:00+00:00,79.8918075
2023-03-15 01:00:00+00:00,86.08269583333333
2023-03-15 02:00:00+00:00,92.15857666666666
2023-03-15 03:00:00+00:00,94.95398583333333
2023-03-15 04:00:00+00:00,95.953455
2023-03-15 05:00:00+00:00,77.2561975
2023-03-15 06:00:00+00:00,76.31209666666668
2023-03-15 07:00:00+00:00,74.41595583333334
2023-03-15 08:00:00+00:00,60.98342333333333
2023-03-15 09:00:00+00:00,57.53983916666667
2023-03-15 10:00:00+00:00,54.883805833333334
2023-03-15 11:00:00+00:00,55.5548975
2023-03-15 12:00:00+00:00,65.73326250000001
2023-03-15 13:00:00+00:00,75.80793833333333
2023-03-15 14:00:00+00:00,84.00339916666667
2023-03-15 15:00:00+00:00,74.37640916666666
2023-03-15 16:00:00+00:00,59.119746666666664
2023-03-15 17:00:00+00:00,39.4040525
2023-03-15 18:00:00+00:00,10.598049166666668
2023-03-15 19:00:00+00:00,7.0702074999999995
2023-03-15 20:00:00+00:00,0.38036749999999997
2023-03-15 21:00:00+00:00,-0.05156333333333333
2023-03-15 22:00:00+00:00,3.0761116666666664
2023-03-15 23:00:00+00:00,-0.6641691666666666
2023-03-16 00:00:00+00:00,17.9563225
2023-03-16 01:00:00+00:00,54.34969583333333
2023-03-16 02:00:00+00:00,69.0222525
2023-03-16 03:00:00+00:00,78.53149
2023-03-16 04:00:00+00:00,87.94244250000001
2023-03-16 05:00:00+00:00,80.65915083333333
2023-03-16 06:00:00+00:00,73.13890916666666
2023-03-16 07:00:00+00:00,80.06982583333333
2023-03-16 08:00:00+00:00,68.4765025
2023-03-16 09:00:00+00:00,76.2420125
2023-03-16 10:00:00+00:00,81.9012
2023-03-16 11:00:00+00:00,85.20311916666667
2023-03-16 12:00:00+00:00,82.77129000000001
2023-03-16 13:00:00+00:00,84.52037583333333
2023-03-16 14:00:00+00:00,86.15336416666666
2023-03-16 15:00:00+00:00,59.846869999999996
2023-03-16 16:00:00+00:00,44.561991666666664
2023-03-16 17:00:00+00:00,24.273039166666667
2023-03-16 18:00:00+00:00,19.98073666666667
2023-03-16 19:00:00+00:00,20.210909166666667
2023-03-16 20:00:00+00:00,12.245774166666665
2023-03-16 21:00:00+00:00,0.7416575
2023-03-16 22:00:00+00:00,-0.8764233333333333
2023-03-16 23:00:00+00:00,-5.8555175
2023-03-17 00:00:00+00:00,29.696408333333334
2023-03-17 01:00:00+00:00,75.83187333333333
2023-03-17 02:00:00+00:00,88.02404583333333
2023-03-17 03:00:00+00:00,83.83832
2023-03-17 04:00:00+00:00,82.74003583333334
2023-03-17 05:00:00+00:00,97.49249083333332
2023-03-17 06:00:00+00:00,84.66250416666666
2023-03-17 07:00:00+00:00,82.75818083333333
2023-03-17 08:00:00+00:00,78.167745
2023-03-17 09:00:00+00:00,73.78157166666666
2023-03-17 10:00:00+00:00,75.82938333333333
2023-03-17 11:00:00+00:00,79.8119625
2023-03-17 12:00:00+00:00,89.04017750000001
2023-03-17 13:00:00+00:00,103.48635583333333
2023-03-17 14:00:00+00:00,100.221495
2023-03-17 15:00:00+00:00,57.582568333333334
2023-03-17 16:00:00+00:00,49.209450000000004
2023-03-17 17:00:00+00:00,17.945574166666667
2023-03-17 18:00:00+00:00,3.8457008333333333
2023-03-17 19:00:00+00:00,-0.10285333333333331
2023-03-17 20:00:00+00:00,2.989098333333333
2023-03-17 21:00:00+00:00,7.5034341666666675
2023-03-17 22:00:00+00:00,10.698279166666666
2023-03-17 23:00:00+00:00,27.8925825
2023-03-18 00:00:00+00:00,54.068900000000006
2023-03-18 01:00:00+00:00,69.39918166666666
2023-03-18 02:00:00+00:00,83.45113583333334
2023-03-18 03:00:00+00:00,85.01613416666667
2023-03-18 04:00:00+00:00,81.63693500000001
2023-03-18 05:00:00+00:00,84.3762725
2023-03-18 06:00:00+00:00,81.78356833333333
2023-03-18 07:00:00+00:00,70.27454666666667
2023-10-21 08:00:00+00:00,62.885150833333334
2023-10-21 09:00:00+00:00,59.27008166666667
2023-10-21 10:00:00+00:00,49.132263333333334
2023-10-21 11:00:00+00:00,49.13305166666667
2023-10-21 12:00:00+00:00,54.48552833333333
2023-10-21 13:00:00+00:00,61.20234333333334
2023-10-21 14:00:00+00:00,63.250045
2023-10-21 15:00:00+00:00,44.41878
2023-10-21 16:00:00+00:00,35.91894083333333
2023-10-21 17:00:00+00:00,29.5256475
2023-10-21 18:00:00+00:00,29.5553625
2023-10-21 19:00:00+00:00,30.481435833333332
2023-10-21 20:00:00+00:00,29.14537
2023-10-21 21:00:00+00:00,30.887831666666667
2023-10-21 22:00:00+00:00,32.58203583333333
2023-10-21 23:00:00+00:00,48.91188
2023-10-22 00:00:00+00:00,70.87185833333334
2023-10-22 01:00:00+00:00,68.52049749999999
2023-10-22 02:00:00+00:00,57.706376666666664
2023-10-22 03:00:00+00:00,62.70825249999999
2023-10-22 04:00:00+00:00,65.1524125
2023-10-22 05:00:00+00:00,56.8327875
2023-10-22 06:00:00+00:00,51.49588666666667
2023-10-22 07:00:00+00:00,53.17727
2023-10-22 08:00:00+00:00,42.52940916666667
2023-10-22 09:00:00+00:00,36.6327925
2023-10-22 10:00:00+00:00,37.65993916666667
2023-10-22 11:00:00+00:00,39.0356775
2023-10-22 12:00:00+00:00,37.686082500000005
2023-10-22 13:00:00+00:00,39.050894166666666
2023-10-22 14:00:00+00:00,46.9006025
2023-10-22 15:00:00+00:00,47.05184833333333
2023-10-22 16:00:00+00:00,49.04498833333333
2023-10-22 17:00:00+00:00,53.73689833333333
2023-10-22 18:00:00+00:00,64.1790675
2023-10-22 19:00:00+00:00,68.69875833333333
2023-10-22 20:00:00+00:00,68.56407
2023-10-22 21:00:00+00:00,64.76732166666666
2023-10-22 22:00:00+00:00,58.859123333333336
2023-10-22 23:00:00+00:00,55.578200833333334
2023-10-23 00:00:00+00:00,59.11501416666667
2023-10-23 01:00:00+00:00,51.387242500000006
2023-10-23 02:00:00+00:00,50.837468333333334
2023-10-23 03:00:00+00:00,51.538285
2023-10-23 04:00:00+00:00,51.44579833333333
2023-10-23 05:00:00+00:00,42.361155000000004
2023-10-23 06:00:00+00:00,37.0014325
2023-10-23 07:00:00+00:00,42.179163333333335
2023-10-23 08:00:00+00:00,43.30997083333333
2023-10-23 09:00:00+00:00,39.657905
2023-10-23 10:00:00+00:00,41.35998083333333
2023-10-23 11:00:00+00:00,37.8487
2023-10-23 12:00:00+00:00,44.46914999999999
2023-10-23 13:00:00+00:00,49.475517499999995
2023-10-23 14:00:00+00:00,56.81824
2023-10-23 15:00:00+00:00,30.8246175
2023-10-23 16:00:00+00:00,38.269268333333336
2023-10-23 17:00:00+00:00,37.38007666666667
2023-10-23 18:00:00+00:00,34.09329333333333
2023-10-23 19:00:00+00:00,28.13403
2023-10-23 20:00:00+00:00,26.25706166666667
2023-10-23 21:00:00+00:00,19.661614166666666
2023-10-23 22:00:00+00:00,16.70508416666667
2023-10-23 23:00:00+00:00,34.182385000000004
2023-10-24 00:00:00+00:00,53.7092375
2023-10-24 01:00:00+00:00,55.2716625
2023-10-24 02:00:00+00:00,57.6598225
2023-10-24 03:00:00+00:00,59.67246583333333
2023-10-24 04:00:00+00:00,55.13163666666667
2023-10-24 05:00:00+00:00,48.4119775
2023-10-24 06:00:00+00:00,49.998135
2023-10-24 07:00:00+00:00,46.5321725
2023-10-24 08:00:00+00:00,44.335190000000004
2023-10-24 09:00:00+00:00,46.7106675
2023-10-24 10:00:00+00:00,45.08146
2023-10-24 11:00:00+00:00,46.01756833333334
2023-10-24 12:00:00+00:00,51.238278333333334
2023-10-24 13:00:00+00:00,66.20965666666667
2023-10-24 14:00:00+00:00,73.4025075
2023-10-24 15:00:00+00:00,54.531065000000005
2023-10-24 16:00:00+00:00,45.75971833333333
2023-10-24 17:00:00+00:00,56.301025833333334
2023-10-24 18:00:00+00:00,52.49666166666666
2023-10-24 19:00:00+00:00,46.39485166666666
2023-10-24 20:00:00+00:00,50.140189166666666
2023-10-24 21:00:00+00:00,42.62109916666667
2023-10-24 22:00:00+00:00,50.75244833333333
2023-10-24 23:00:00+00:00,55.62347666666667
2023-10-25 00:00:00+00:00,77.80674
2023-10-25 01:00:00+00:00,77.47815666666666
2023-10-25 02:00:00+00:00,76.22703416666667
2023-10-25 03:00:00+00:00,77.7919225
2023-10-25 04:00:00+00:00,73.32458916666667
2023-10-25 05:00:00+00:00,62.85539333333333
2023-10-25 06:00:00+00:00,57.815127499999996
2023-10-25 07:00:00+00:00,57.448355
2023-10-25 08:00:00+00:00,58.76673333333333
2023-10-25 09:00:00+00:00,56.65781166666667
2023-10-25 10:00:00+00:00,54.92556
2023-10-25 11:00:00+00:00,55.37831333333333
2023-10-25 12:00:00+00:00,61.95955
2023-10-25 13:00:00+00:00,68.74787083333332
2023-10-25 14:00:00+00:00,80.52040083333334
2023-10-25 15:00:00+00:00,57.18607333333333
2023-10-25 16:00:00+00:00,46.4385325
2023-10-25 17:00:00+00:00,51.75519166666667
2023-10-25 18:00:00+00:00,51.333826666666674
2023-10-25 19:00:00+00:00,49.835162499999996
2023-10-25 20:00:00+00:00,50.6900675
2023-10-25 21:00:00+00:00,55.815082499999995
2023-10-25 22:00:00+00:00,58.09338916666667
2023-10-25 23:00:00+00:00,60.06707
2023-10-26 00:00:00+00:00,68.73800833333333
2023-10-26 01:00:00+00:00,80.81536
2023-10-26 02:00:00+00:00,80.02748083333334
2023-10-26 03:00:00+00:00,78.41454333333333
2023-10-26 04:00:00+00:00,76.467775
2023-10-26 05:00:00+00:00,73.22938333333333
2023-10-26 06:00:00+00:00,60.4134325
2023-10-26 07:00:00+00:00,62.4133425
2023-10-26 08:00:00+00:00,63.688292499999996
2023-10-26 09:00:00+00:00,63.67369666666667
2023-10-26 10:00:00+00:00,81.54429833333333
2023-10-26 11:00:00+00:00,74.429605
2023-10-26 12:00:00+00:00,84.80970166666667
2023-10-26 13:00:00+00:00,86.3174225
2023-10-26 14:00:00+00:00,81.719375
2023-10-26 15:00:00+00:00,63.82863833333334
2023-10-26 16:00:00+00:00,47.397639999999996
2023-10-26 17:00:00+00:00,47.80493166666667
2023-10-26 18:00:00+00:00,41.252402499999995
2023-10-26 19:00:00+00:00,49.666850833333335
2023-10-26 20:00:00+00:00,42.95444583333333
2023-10-26 21:00:00+00:00,37.984720833333334
2023-10-26 22:00:00+00:00,57.626191666666664
2023-10-26 23:00:00+00:00,43.56178333333333
2023-10-27 00:00:00+00:00,75.81913166666666
2023-10-27 01:00:00+00:00,79.6759625
2023-10-27 02:00:00+00:00,70.21292916666667
2023-10-27 03:00:00+00:00,80.49301083333334
2023-10-27 04:00:00+00:00,84.90706833333333
2023-10-27 05:00:00+00:00,76.72357583333333
2023-10-27 06:00:00+00:00,63.26087416666667
2023-10-27 07:00:00+00:00,65.61101416666666
2023-10-27 08:00:00+00:00,59.865995
2023-10-27 09:00:00+00:00,58.6911125
2023-10-27 10:00:00+00:00,58.874271666666665
2023-10-27 11:00:00+00:00,66.26505083333333
2023-10-27 12:00:00+00:00,78.17564416666666
2023-10-27 13:00:00+00:00,80.71304583333334
2023-10-27 14:00:00+00:00,116.21805583333334
2023-10-27 15:00:00+00:00,202.95487666666668
2023-10-27 16:00:00+00:00,57.49805916666667
2023-10-27 17:00:00+00:00,44.34274333333334
2023-10-27 18:00:00+00:00,31.710526666666667
2023-10-27 19:00:00+00:00,33.28375416666667
2023-10-27 20:00:00+00:00,41.6510825
2023-10-27 21:00:00+00:00,33.786611666666666
2023-10-27 22:00:00+00:00,32.48404333333333
2023-10-27 23:00:00+00:00,46.00380666666666
2023-10-28 00:00:00+00:00,66.2036775
2023-10-28 01:00:00+00:00,66.80713166666666
2023-10-28 02:00:00+00:00,61.402148333333336
2023-10-28 03:00:00+00:00,65.327565
2023-10-28 04:00:00+00:00,66.64950333333333
2023-10-28 05:00:00+00:00,62.830655
2023-10-28 06:00:00+00:00,59.85744333333333
2023-10-28 07:00:00+00:00,63.238744999999994
2023-10-28 08:00:00+00:00,63.02158583333334
2023-10-28 09:00:00+00:00,73.19585916666666
2023-10-28 10:00:00+00:00,60.74135833333333
2023-10-28 11:00:00+00:00,62.0941775
2023-10-28 12:00:00+00:00,72.11917749999999
2023-10-28 13:00:00+00:00,70.74031833333333
2023-10-28 14:00:00+00:00,87.36854833333332
2023-10-28 15:00:00+00:00,79.93880166666666
2023-10-28 16:00:00+00:00,55.692658333333334
2023-10-28 17:00:00+00:00,37.7179225
2023-10-28 18:00:00+00:00,44.442859999999996
2023-10-28 19:00:00+00:00,42.966209166666665
2023-10-28 20:00:00+00:00,42.43515
2023-10-28 21:00:00+00:00,33.65654583333333
2023-10-28 22:00:00+00:00,42.432565000000004
2023-10-28 23:00:00+00:00,43.86597916666667
2023-10-29 00:00:00+00:00,64.12106083333333
2023-10-29 01:00:00+00:00,72.23716916666667
2023-10-29 02:00:00+00:00,71.2312125
2023-10-29 03:00:00+00:00,67.02972666666666
2023-10-29 04:00:00+00:00,69.72211333333333
2023-10-29 05:00:00+00:00,77.2170625
2023-10-29 06:00:00+00:00,78.04771416666667
2023-10-29 07:00:00+00:00,77.08816333333333
2023-10-29 08:00:00+00:00,64.95337166666667
2023-10-29 09:00:00+00:00,62.79592
2023-10-29 10:00:00+00:00,62.834467499999995
2023-10-29 11:00:00+00:00,60.75891416666667
2023-10-29 12:00:00+00:00,62.504765
2023-10-29 13:00:00+00:00,64.66438000000001
2023-10-29 14:00:00+00:00,71.3934225
2023-10-29 15:00:00+00:00,57.94600583333334
2023-10-29 16:00:00+00:00,61.96596916666667
2023-10-29 17:00:00+00:00,55.13850166666666
2023-10-29 18:00:00+00:00,57.75748166666667
2023-10-29 19:00:00+00:00,57.42388666666667
2023-10-29 20:00:00+00:00,54.826092499999994
2023-10-29 21:00:00+00:00,54.475076666666666
2023-10-29 22:00:00+00:00,54.6020125
2023-10-29 23:00:00+00:00,53.37510583333333
2023-10-30 00:00:00+00:00,78.7833025
2023-10-30 01:00:00+00:00,79.57677166666666
2023-10-30 02:00:00+00:00,76.86765333333334
2023-10-30 03:00:00+00:00,82.01809250000001
2023-10-30 04:00:00+00:00,84.742515
2023-10-30 05:00:00+00:00,79.40209166666666
2023-10-30 06:00:00+00:00,73.30938416666667
2023-10-30 07:00:00+00:00,77.94533666666666
2023-10-30 08:00:00+00:00,76.04667916666666
2023-10-30 09:00:00+00:00,73.470675
2023-10-30 10:00:00+00:00,76.29888166666667
2023-10-30 11:00:00+00:00,82.84940916666666
2023-10-30 12:00:00+00:00,92.48629749999999
2023-10-30 13:00:00+00:00,158.29654833333333
2023-10-30 14:00:00+00:00,252.19830166666665
2023-10-30 15:00:00+00:00,74.56143916666666
2023-10-30 16:00:00+00:00,65.28685333333333
2023-10-30 17:00:00+00:00,67.43531166666666
2023-10-30 18:00:00+00:00,65.79979250000001
2023-10-30 19:00:00+00:00,58.637280833333335
2023-10-30 20:00:00+00:00,52.5761
2023-10-30 21:00:00+00:00,49.36108333333333
2023-10-30 22:00:00+00:00,59.60637583333334
2023-10-30 23:00:00+00:00,60.60296416666666
2023-10-31 00:00:00+00:00,90.70751416666667
2023-10-31 01:00:00+00:00,96.80033583333334
2023-10-31 02:00:00+00:00,88.02936083333333
2023-10-31 03:00:00+00:00,87.87353916666666
2023-10-31 04:00:00+00:00,94.08424583333334
2023-10-31 05:00:00+00:00,88.93728166666666
2023-10-31 06:00:00+00:00,81.575135
2023-10-31 07:00:00+00:00,76.1143275
2023-10-31 08:00:00+00:00,74.698015
2023-10-31 09:00:00+00:00,73.7707825
2023-10-31 10:00:00+00:00,72.59570166666667
2023-10-31 11:00:00+00:00,74.9792425
2023-10-31 12:00:00+00:00,77.19223416666667
2023-10-31 13:00:00+00:00,118.83698333333332
2023-10-31 14:00:00+00:00,129.78774
2023-10-31 15:00:00+00:00,60.744459166666665
2023-10-31 16:00:00+00:00,48.40226166666667
2023-10-31 17:00:00+00:00,54.864845833333334
2023-10-31 18:00:00+00:00,56.505024166666665
2023-10-31 19:00:00+00:00,50.568823333333334
2023-10-31 20:00:00+00:00,39.27762333333333
2023-10-31 21:00:00+00:00,18.926200833333333
2023-10-31 22:00:00+00:00,35.18923916666667
2023-10-31 23:00:00+00:00,62.63224333333333
2023-11-01 00:00:00+00:00,82.06616166666667
2023-11-01 01:00:00+00:00,61.87504916666666
2023-11-01 02:00:00+00:00,67.235125
2023-11-01 03:00:00+00:00,69.56504166666666
2023-11-01 04:00:00+00:00,82.99075333333333
2023-11-01 05:00:00+00:00,85.56661333333334
2023-11-01 06:00:00+00:00,74.35559416666666
2023-11-01 07:00:00+00:00,87.18094333333333
2023-11-01 08:00:00+00:00,85.413135
2023-11-01 09:00:00+00:00,83.40394916666666
2023-11-01 10:00:00+00:00,79.00515666666666
2023-11-01 11:00:00+00:00,83.49596
2023-11-01 12:00:00+00:00,91.90246
2023-11-01 13:00:00+00:00,92.80523749999999
2023-11-01 14:00:00+00:00,104.91072916666667
2023-11-01 15:00:00+00:00,111.743115
2023-11-01 16:00:00+00:00,103.24039666666665
2023-11-01 17:00:00+00:00,96.45007666666667
2023-11-01 18:00:00+00:00,94.75960666666667
2023-11-01 19:00:00+00:00,93.75180999999999
2023-11-01 20:00:00+00:00,91.3886225
2023-11-01 21:00:00+00:00,94.417525
2023-11-01 22:00:00+00:00,86.71025166666668
2023-11-01 23:00:00+00:00,95.022535
2023-11-02 00:00:00+00:00,94.87552833333332
2023-11-02 01:00:00+00:00,100.85395666666666
2023-11-02 02:00:00+00:00,95.62441749999999
2023-11-02 03:00:00+00:00,98.56559750000001
2023-11-02 04:00:00+00:00,97.07415833333334
2023-11-02 05:00:00+00:00,82.90731333333333
2023-11-02 06:00:00+00:00,82.62455666666666
2023-11-02 07:00:00+00:00,73.99067083333334
2023-11-02 08:00:00+00:00,67.8787975
2023-11-02 09:00:00+00:00,60.96216916666666
2023-11-02 10:00:00+00:00,74.61501166666666
2023-11-02 11:00:00+00:00,72.29462833333334
2023-11-02 12:00:00+00:00,76.6765575
2023-11-02 13:00:00+00:00,90.02138500000001
2023-11-02 14:00:00+00:00,92.54783833333333
2023-11-02 15:00:00+00:00,57.742110833333335
2023-11-02 16:00:00+00:00,46.79376249999999
2023-11-02 17:00:00+00:00,52.19186333333334
2023-11-02 18:00:00+00:00,46.09476333333333
2023-11-02 19:00:00+00:00,36.0979025
2023-11-02 20:00:00+00:00,35.496775
2023-11-02 21:00:00+00:00,32.131285
2023-11-02 22:00:00+00:00,24.162863333333334
2023-11-02 23:00:00+00:00,46.350305
2023-11-03 00:00:00+00:00,59.2047675
2023-11-03 01:00:00+00:00,59.81136583333333
2023-11-03 02:00:00+00:00,66.44017333333333
2023-11-03 03:00:00+00:00,63.94317916666666
2023-11-03 04:00:00+00:00,61.20762416666667
2023-11-03 05:00:00+00:00,57.038842499999994
2023-11-03 06:00:00+00:00,56.268863333333336
2023-11-03 07:00:00+00:00,53.148134166666665
2023-11-03 08:00:00+00:00,53.12280583333333
2023-11-03 09:00:00+00:00,50.874230000000004
2023-11-03 10:00:00+00:00,49.05236166666666
2023-11-03 11:00:00+00:00,53.92006916666667
2023-11-03 12:00:00+00:00,59.893188333333335
2023-11-03 13:00:00+00:00,62.53282416666667
2023-11-03 14:00:00+00:00,67.34180583333334
2023-11-03 15:00:00+00:00,39.2391175
2023-11-03 16:00:00+00:00,27.275140833333335
2023-11-03 17:00:00+00:00,28.161924166666665
2023-11-03 18:00:00+00:00,27.209666666666667
2023-11-03 19:00:00+00:00,24.290656666666667
2023-11-03 20:00:00+00:00,23.613535
2023-11-03 21:00:00+00:00,22.923841666666664
2023-11-03 22:00:00+00:00,25.128754999999998
2023-11-03 23:00:00+00:00,46.84792083333334
2023-11-04 00:00:00+00:00,64.09603
2023-11-04 01:00:00+00:00,51.30558333333334
2023-11-04 02:00:00+00:00,58.28827166666667
2023-11-04 03:00:00+00:00,59.089820833333334
2023-11-04 04:00:00+00:00,59.660069166666666
2023-11-04 05:00:00+00:00,55.82091916666667
2023-11-04 06:00:00+00:00,52.62385166666667
2023-11-04 07:00:00+00:00,49.24476083333334
2023-11-04 08:00:00+00:00,48.904310833333334
2023-11-04 09:00:00+00:00,47.42030833333333
2023-11-04 10:00:00+00:00,47.9906525
2023-11-04 11:00:00+00:00,47.96147666666667
2023-11-04 12:00:00+00:00,50.534799166666666
2023-11-04 13:00:00+00:00,52.236340000000006
2023-11-04 14:00:00+00:00,53.0445825
2023-11-04 15:00:00+00:00,33.54348666666667
2023-11-04 16:00:00+00:00,19.955634166666666
2023-11-04 17:00:00+00:00,13.977132500000002
2023-11-04 18:00:00+00:00,13.645741666666666
2023-11-04 19:00:00+00:00,12.378710833333335
2023-11-04 20:00:00+00:00,-8.535829999999999
2023-11-04 21:00:00+00:00,1.9148800000000001
2023-11-04 22:00:00+00:00,22.732748333333333
2023-11-04 23:00:00+00:00,36.42919416666667
2023-11-05 00:00:00+00:00,58.770469999999996
2023-11-05 01:00:00+00:00,60.728739999999995
2023-11-05 02:00:00+00:00,57.83779333333334
2023-11-05 03:00:00+00:00,50.911457500000004
2023-11-05 04:00:00+00:00,47.18723083333333
2023-11-05 05:00:00+00:00,49.89611416666667
2023-11-05 06:00:00+00:00,47.13182416666667
2023-11-05 07:00:00+00:00,48.729275
2023-11-05 08:00:00+00:00,46.82800666666666
2023-11-05 09:00:00+00:00,44.684551666666664
2023-11-05 10:00:00+00:00,43.29062083333333
2023-11-05 11:00:00+00:00,41.0765125
2023-11-05 12:00:00+00:00,44.643319166666664
2023-11-05 13:00:00+00:00,47.67589666666667
2023-11-05 14:00:00+00:00,45.58073666666667
2023-11-05 15:00:00+00:00,17.372508333333332
2023-11-05 16:00:00+00:00,18.38029166666667
2023-11-05 17:00:00+00:00,37.330845000000004
2023-11-05 18:00:00+00:00,44.1985025
2023-11-05 19:00:00+00:00,45.3484025
2023-11-05 20:00:00+00:00,42.80165333333333
2023-11-05 21:00:00+00:00,29.58554083333333
2023-11-05 22:00:00+00:00,31.871605
2023-11-05 23:00:00+00:00,40.20147083333333
2023-11-06 00:00:00+00:00,62.83814
2023-11-06 01:00:00+00:00,62.841990833333334
2023-11-06 02:00:00+00:00,53.4603325
2023-11-06 03:00:00+00:00,57.22904083333333
2023-11-06 04:00:00+00:00,58.214439166666665
2023-11-06 05:00:00+00:00,58.004535
2023-11-06 06:00:00+00:00,54.68535583333334
2023-11-06 07:00:00+00:00,48.383783333333334
2023-11-06 08:00:00+00:00,49.84869416666667
2023-11-06 09:00:00+00:00,46.23827416666666
2023-11-06 10:00:00+00:00,45.6454575
2023-11-06 11:00:00+00:00,46.544039999999995
2023-11-06 12:00:00+00:00,54.89125833333333
2023-11-06 13:00:00+00:00,60.04835
2023-11-06 14:00:00+00:00,67.88633166666666
2023-11-06 15:00:00+00:00,52.8613225
2023-11-06 16:00:00+00:00,54.1929025
2023-11-06 17:00:00+00:00,60.28004333333333
2023-11-06 18:00:00+00:00,59.863887500000004
2023-11-06 19:00:00+00:00,57.61458
2023-11-06 20:00:00+00:00,54.55325083333333
2023-11-06 21:00:00+00:00,45.386741666666666
2023-11-06 22:00:00+00:00,46.402475
2023-11-06 23:00:00+00:00,59.559104999999995
2023-11-07 00:00:00+00:00,84.87879083333333
2023-11-07 01:00:00+00:00,71.84866749999999
2023-11-07 02:00:00+00:00,62.70614166666667
2023-11-07 03:00:00+00:00,59.863094999999994
2023-11-07 04:00:00+00:00,62.58306166666667
2023-11-07 05:00:00+00:00,59.33517666666666
2023-11-07 06:00:00+00:00,50.568825833333335
2023-11-07 07:00:00+00:00,43.94045166666666
2023-11-07 08:00:00+00:00,43.36347166666667
2023-11-07 09:00:00+00:00,44.00591416666666
2023-11-07 10:00:00+00:00,43.796164166666664
2023-11-07 11:00:00+00:00,43.02943666666667
2023-11-07 12:00:00+00:00,44.60123083333334
2023-11-07 13:00:00+00:00,49.82740583333333
2023-11-07 14:00:00+00:00,60.162119999999994
2023-11-07 15:00:00+00:00,35.88599833333333
2023-11-07 16:00:00+00:00,21.879446666666666
2023-11-07 17:00:00+00:00,29.743657499999998
2023-11-07 18:00:00+00:00,26.538120833333334
2023-11-07 19:00:00+00:00,29.365760833333336
2023-11-07 20:00:00+00:00,31.238793333333334
2023-11-07 21:00:00+00:00,24.75005916666667
2023-11-07 22:00:00+00:00,21.99387333333333
2023-11-07 23:00:00+00:00,39.90457583333333
2023-11-08 00:00:00+00:00,76.03004750000001
2023-11-08 01:00:00+00:00,85.990255
2023-11-08 02:00:00+00:00,64.66805333333333
2023-11-08 03:00:00+00:00,56.766346666666664
2023-11-08 04:00:00+00:00,60.69159666666667
2023-11-08 05:00:00+00:00,54.58589333333333
2023-11-08 06:00:00+00:00,41.01862416666667
2023-11-08 07:00:00+00:00,39.949349166666664
2023-11-08 08:00:00+00:00,42.44644666666667
2023-11-08 09:00:00+00:00,47.64998083333333
2023-11-08 10:00:00+00:00,41.25579833333333
2023-11-08 11:00:00+00:00,43.08369
2023-11-08 12:00:00+00:00,49.322515833333334
2023-11-08 13:00:00+00:00,49.482235
2023-11-08 14:00:00+00:00,63.54135416666667
2023-11-08 15:00:00+00:00,52.21804916666667
2023-11-08 16:00:00+00:00,41.176562499999996
2023-11-08 17:00:00+00:00,35.852175833333334
2023-11-08 18:00:00+00:00,36.08597916666667
2023-11-08 19:00:00+00:00,34.21595916666667
2023-11-08 20:00:00+00:00,37.28733416666667
2023-11-08 21:00:00+00:00,37.11003916666667
2023-11-08 22:00:00+00:00,35.36808
2023-11-08 23:00:00+00:00,54.48628166666666
2023-11-09 00:00:00+00:00,71.057565
2023-11-09 01:00:00+00:00,64.5557725
2023-11-09 02:00:00+00:00,61.19545333333334
2023-11-09 03:00:00+00:00,66.91191916666666
2023-11-09 04:00:00+00:00,76.3710775
2023-11-09 05:00:00+00:00,68.34605166666667
2023-11-09 06:00:00+00:00,56.55211916666667
2023-11-09 07:00:00+00:00,55.94431583333333
2023-11-09 08:00:00+00:00,57.42106583333333
2023-11-09 09:00:00+00:00,52.748506666666664
2023-11-09 10:00:00+00:00,56.04341333333334
2023-11-09 11:00:00+00:00,58.54583416666667
2023-11-09 12:00:00+00:00,61.92729666666667
2023-11-09 13:00:00+00:00,69.64168916666667
2023-11-09 14:00:00+00:00,101.43881666666665
2023-11-09 15:00:00+00:00,58.31847833333333
2023-11-09 16:00:00+00:00,41.53935
2023-11-09 17:00:00+00:00,43.00407833333333
2023-11-09 18:00:00+00:00,44.14489916666667
2023-11-09 19:00:00+00:00,64.27530416666666
2023-11-09 20:00:00+00:00,48.088660000000004
2023-11-09 21:00:00+00:00,41.984075833333335
2023-11-09 22:00:00+00:00,44.621925833333336
2023-11-09 23:00:00+00:00,69.557085
2023-11-10 00:00:00+00:00,68.76813333333332
2023-11-10 01:00:00+00:00,59.055817499999996
2023-11-10 02:00:00+00:00,55.8476225
2023-11-10 03:00:00+00:00,60.88068666666666
2023-11-10 04:00:00+00:00,64.10497916666667
2023-11-10 05:00:00+00:00,64.3466575
2023-11-10 06:00:00+00:00,64.03794666666667
2023-11-10 07:00:00+00:00,56.95692833333334
2023-11-10 08:00:00+00:00,48.424565
2023-11-10 09:00:00+00:00,45.64591333333333
2023-11-10 10:00:00+00:00,43.7549525
2023-11-10 11:00:00+00:00,44.74502583333333
2023-11-10 12:00:00+00:00,48.19890916666666
2023-11-10 13:00:00+00:00,55.97321083333333
2023-11-10 14:00:00+00:00,65.59205
2023-11-10 15:00:00+00:00,39.60925583333333
2023-11-10 16:00:00+00:00,32.748895833333336
2023-11-10 17:00:00+00:00,30.49211083333333
2023-11-10 18:00:00+00:00,33.96762833333333
2023-11-10 19:00:00+00:00,31.251641666666668
2023-11-10 20:00:00+00:00,28.195143333333334
2023-11-10 21:00:00+00:00,29.875735833333334
2023-11-10 22:00:00+00:00,34.478518333333334
2023-11-10 23:00:00+00:00,44.829365833333334
2023-11-11 00:00:00+00:00,65.529825
2023-11-11 01:00:00+00:00,53.514697500000004
2023-11-11 02:00:00+00:00,47.505185833333336
2023-11-11 03:00:00+00:00,54.84408166666666
2023-11-11 04:00:00+00:00,60.09785083333333
2023-11-11 05:00:00+00:00,60.52968833333333
2023-11-11 06:00:00+00:00,52.950992500000005
2023-11-11 07:00:00+00:00,46.40068083333333
2023-11-11 08:00:00+00:00,43.801070833333334
2023-11-11 09:00:00+00:00,40.65035583333333
2023-11-11 10:00:00+00:00,39.538935
2023-11-11 11:00:00+00:00,39.020055
2023-11-11 12:00:00+00:00,38.666134166666666
2023-11-11 13:00:00+00:00,40.4675
2023-11-11 14:00:00+00:00,43.354284166666666
2023-11-11 15:00:00+00:00,15.463886666666667
2023-11-11 16:00:00+00:00,-6.385751666666667
2023-11-11 17:00:00+00:00,-13.774066666666668
2023-11-11 18:00:00+00:00,-16.809620833333334
2023-11-11 19:00:00+00:00,-18.27037
2023-11-11 20:00:00+00:00,-20.47169583333333
2023-11-11 21:00:00+00:00,-24.359996666666664
2023-11-11 22:00:00+00:00,-21.907712500000002
2023-11-11 23:00:00+00:00,24.02996
2023-11-12 00:00:00+00:00,57.84674916666666
2023-11-12 01:00:00+00:00,51.83705333333333
2023-11-12 02:00:00+00:00,42.4717425
2023-11-12 03:00:00+00:00,40.41001333333333
2023-11-12 04:00:00+00:00,40.431865
2023-11-12 05:00:00+00:00,44.292856666666665
2023-11-12 06:00:00+00:00,45.3887125
2023-11-12 07:00:00+00:00,39.884415
2023-11-12 08:00:00+00:00,41.169336666666666
2023-11-12 09:00:00+00:00,41.693692500000004
2023-11-12 10:00:00+00:00,39.647800833333335
2023-11-12 11:00:00+00:00,39.77793166666667
2023-11-12 12:00:00+00:00,40.131798333333336
2023-11-12 13:00:00+00:00,39.422109166666665
2023-11-12 14:00:00+00:00,37.724235
2023-11-12 15:00:00+00:00,13.5147575
2023-11-12 16:00:00+00:00,7.463363333333334
2023-11-12 17:00:00+00:00,15.071034166666665
2023-11-12 18:00:00+00:00,8.89564
2023-11-12 19:00:00+00:00,9.563581666666666
2023-11-12 20:00:00+00:00,16.433008333333333
2023-11-12 21:00:00+00:00,21.2454
2023-11-12 22:00:00+00:00,27.575263333333336
2023-11-12 23:00:00+00:00,42.93833333333333
2023-11-13 00:00:00+00:00,59.674815833333334
2023-11-13 01:00:00+00:00,50.56140333333334
2023-11-13 02:00:00+00:00,51.814348333333335
2023-11-13 03:00:00+00:00,49.799175
2023-11-13 04:00:00+00:00,50.196378333333335
2023-11-13 05:00:00+00:00,47.75646416666667
2023-11-13 06:00:00+00:00,46.782086666666665
2023-11-13 07:00:00+00:00,41.56643583333334
2023-11-13 08:00:00+00:00,47.67395666666667
2023-11-13 09:00:00+00:00,44.67263583333334
2023-11-13 10:00:00+00:00,41.81874
2023-11-13 11:00:00+00:00,44.64668
2023-11-13 12:00:00+00:00,50.2184325
2023-11-13 13:00:00+00:00,55.33009583333333
2023-11-13 14:00:00+00:00,63.968320000000006
2023-11-13 15:00:00+00:00,51.548925833333335
2023-11-13 16:00:00+00:00,44.05945916666667
2023-11-13 17:00:00+00:00,46.3998
2023-11-13 18:00:00+00:00,40.303715833333335
2023-11-13 19:00:00+00:00,39.42135583333333
2023-11-13 20:00:00+00:00,34.1221975
2023-11-13 21:00:00+00:00,38.84092916666667
2023-11-13 22:00:00+00:00,36.79188333333333
2023-11-13 23:00:00+00:00,59.30659083333333
2023-11-14 00:00:00+00:00,68.07213333333333
2023-11-14 01:00:00+00:00,68.62855083333334
2023-11-14 02:00:00+00:00,58.165213333333334
2023-11-14 03:00:00+00:00,66.26600583333332
2023-11-14 04:00:00+00:00,68.24479000000001
2023-11-14 05:00:00+00:00,65.98824499999999
2023-11-14 06:00:00+00:00,57.77198166666667
2023-11-14 07:00:00+00:00,48.489397499999995
2023-11-14 08:00:00+00:00,58.04511416666667
2023-11-14 09:00:00+00:00,62.57244166666666
2023-11-14 10:00:00+00:00,60.51430833333333
2023-11-14 11:00:00+00:00,62.658075
2023-11-14 12:00:00+00:00,63.944775
2023-11-14 13:00:00+00:00,74.65935499999999
2023-11-14 14:00:00+00:00,115.57219916666666
2023-11-14 15:00:00+00:00,87.96280416666667
2023-11-14 16:00:00+00:00,58.89756166666666
2023-11-14 17:00:00+00:00,80.103205
2023-11-14 18:00:00+00:00,101.42209166666667
2023-11-14 19:00:00+00:00,104.84975250000001
2023-11-14 20:00:00+00:00,86.68473916666666
2023-11-14 21:00:00+00:00,85.52328999999999
2023-11-14 22:00:00+00:00,94.70617750000001
2023-11-14 23:00:00+00:00,83.90564083333334
2023-11-15 00:00:00+00:00,90.57339833333333
2023-11-15 01:00:00+00:00,87.78490666666666
2023-11-15 02:00:00+00:00,87.10818333333333
2023-11-15 03:00:00+00:00,84.96620666666666
2023-11-15 04:00:00+00:00,87.74485333333332
2023-11-15 05:00:00+00:00,83.187095
2023-11-15 06:00:00+00:00,72.37459416666667
2023-11-15 07:00:00+00:00,62.948460000000004
2023-11-15 08:00:00+00:00,68.63786416666666
2023-11-15 09:00:00+00:00,66.01815
2023-11-15 10:00:00+00:00,64.46602666666666
2023-11-15 11:00:00+00:00,65.20826166666667
2023-11-15 12:00:00+00:00,72.72687166666667
2023-11-15 13:00:00+00:00,74.98043750000001
2023-11-15 14:00:00+00:00,75.603505
2023-11-15 15:00:00+00:00,117.00106583333333
2023-11-15 16:00:00+00:00,123.38735000000001
2023-11-15 17:00:00+00:00,119.33597250000001
2023-11-15 18:00:00+00:00,114.39451833333334
2023-11-15 19:00:00+00:00,100.70318333333334
2023-11-15 20:00:00+00:00,97.20699583333334
2023-11-15 21:00:00+00:00,108.88983083333333
2023-11-15 22:00:00+00:00,124.24926583333333
2023-11-15 23:00:00+00:00,97.0781
2023-11-16 00:00:00+00:00,78.01422166666667
2023-11-16 01:00:00+00:00,81.98807833333333
2023-11-16 02:00:00+00:00,89.1898425
2023-11-16 03:00:00+00:00,86.07088083333333
2023-11-16 04:00:00+00:00,92.35221916666666
2023-11-16 05:00:00+00:00,87.58172583333334
2023-11-16 06:00:00+00:00,83.07029166666668
2023-11-16 07:00:00+00:00,64.52625666666667
2023-11-16 08:00:00+00:00,65.66128666666667
2023-11-16 09:00:00+00:00,67.53486666666667
2023-11-16 10:00:00+00:00,67.96919083333334
2023-11-16 11:00:00+00:00,68.04249083333333
2023-11-16 12:00:00+00:00,73.40348333333333
2023-11-16 13:00:00+00:00,95.27307
2023-11-16 14:00:00+00:00,280.599555
2023-11-16 15:00:00+00:00,370.7432525
2023-11-16 16:00:00+00:00,77.53382416666666
2023-11-16 17:00:00+00:00,76.77436
2023-11-16 18:00:00+00:00,66.83397833333333
2023-11-16 19:00:00+00:00,70.88082
2023-11-16 20:00:00+00:00,74.23979666666666
2023-11-16 21:00:00+00:00,73.30710583333332
2023-11-16 22:00:00+00:00,66.80960416666666
2023-11-16 23:00:00+00:00,86.21151583333334
2023-11-17 00:00:00+00:00,84.9118375
2023-11-17 01:00:00+00:00,81.05835083333334
2023-11-17 02:00:00+00:00,77.28661
2023-11-17 03:00:00+00:00,81.11525416666667
2023-11-17 04:00:00+00:00,84.52846083333334
2023-11-17 05:00:00+00:00,79.37788416666668
2023-11-17 06:00:00+00:00,76.54229416666666
2023-11-17 07:00:00+00:00,70.13277333333333
2023-11-17 08:00:00+00:00,68.118995
2023-11-17 09:00:00+00:00,66.437845
2023-11-17 10:00:00+00:00,69.30750416666667
2023-11-17 11:00:00+00:00,72.12741749999999
2023-11-17 12:00:00+00:00,78.33741083333334
2023-11-17 13:00:00+00:00,88.79030666666667
2023-11-17 14:00:00+00:00,107.92283333333334
2023-11-17 15:00:00+00:00,73.08608166666666
2023-11-17 16:00:00+00:00,63.13319583333333
2023-11-17 17:00:00+00:00,54.653145
2023-11-17 18:00:00+00:00,40.924949166666664
2023-11-17 19:00:00+00:00,44.10625166666667
2023-11-17 20:00:00+00:00,49.13615166666667
2023-11-17 21:00:00+00:00,58.770965
2023-11-17 22:00:00+00:00,56.255559166666664
2023-11-17 23:00:00+00:00,80.67208166666667
2023-11-18 00:00:00+00:00,80.93596583333333
2023-11-18 01:00:00+00:00,77.66870416666667
2023-11-18 02:00:00+00:00,75.46372166666667
2023-11-18 03:00:00+00:00,82.64123083333334
2023-11-18 04:00:00+00:00,84.42774083333333
2023-11-18 05:00:00+00:00,78.7802875
2023-11-18 06:00:00+00:00,80.14925833333334
2023-11-18 07:00:00+00:00,77.6648875
2023-11-18 08:00:00+00:00,65.781365
2023-11-18 09:00:00+00:00,66.86878
2023-11-18 10:00:00+00:00,65.69390083333333
2023-11-18 11:00:00+00:00,66.33538166666666
2023-11-18 12:00:00+00:00,71.2281125
2023-11-18 13:00:00+00:00,72.1009575
2023-11-18 14:00:00+00:00,72.01709166666667
2023-11-18 15:00:00+00:00,63.61348
2023-11-18 16:00:00+00:00,67.58905083333333
2023-11-18 17:00:00+00:00,104.18688916666667
2023-11-18 18:00:00+00:00,79.28602083333334
2023-11-18 19:00:00+00:00,70.81806166666667
2023-11-18 20:00:00+00:00,72.70808333333333
2023-11-18 21:00:00+00:00,75.654555
2023-11-18 22:00:00+00:00,69.3169425
2023-11-18 23:00:00+00:00,60.98303833333333
2023-11-19 00:00:00+00:00,70.94900416666667
2023-11-19 01:00:00+00:00,67.40451083333333
2023-11-19 02:00:00+00:00,61.99084250000001
2023-11-19 03:00:00+00:00,64.84160916666667
2023-11-19 04:00:00+00:00,69.32019166666667
2023-11-19 05:00:00+00:00,61.63222166666666
2023-11-19 06:00:00+00:00,57.701805
2023-11-19 07:00:00+00:00,51.17718083333333
2023-11-19 08:00:00+00:00,46.4733775
2023-11-19 09:00:00+00:00,49.7544375
2023-11-19 10:00:00+00:00,37.60430416666667
2023-11-19 11:00:00+00:00,34.207721666666664
2023-11-19 12:00:00+00:00,41.379490833333335
2023-11-19 13:00:00+00:00,47.462415
2023-11-19 14:00:00+00:00,55.1048275
2023-11-19 15:00:00+00:00,38.848195
2023-11-19 16:00:00+00:00,18.858539166666667
2023-11-19 17:00:00+00:00,29.3923075
2023-11-19 18:00:00+00:00,21.156830833333334
2023-11-19 19:00:00+00:00,15.324125
2023-11-19 20:00:00+00:00,-4.7630525
2023-11-19 21:00:00+00:00,-33.43197083333333
2023-11-19 22:00:00+00:00,-32.838994166666666
2023-11-19 23:00:00+00:00,22.833887500000003
2023-11-20 00:00:00+00:00,56.37094166666666
2023-11-20 01:00:00+00:00,53.1557775
2023-11-20 02:00:00+00:00,51.29040833333334
2023-11-20 03:00:00+00:00,47.58287333333333
2023-11-20 04:00:00+00:00,46.934664166666664
2023-11-20 05:00:00+00:00,48.19704166666667
2023-11-20 06:00:00+00:00,44.47280333333333
2023-11-20 07:00:00+00:00,48.00660166666666
2023-11-20 08:00:00+00:00,54.5436675
2023-11-20 09:00:00+00:00,51.89124666666667
2023-11-20 10:00:00+00:00,51.157270833333335
2023-11-20 11:00:00+00:00,49.16817916666667
2023-11-20 12:00:00+00:00,57.51301166666667
2023-11-20 13:00:00+00:00,61.17627916666667
2023-11-20 14:00:00+00:00,73.36591416666667
2023-11-20 15:00:00+00:00,61.31133583333334
2023-11-20 16:00:00+00:00,55.218250833333336
2023-11-20 17:00:00+00:00,55.89056333333334
2023-11-20 18:00:00+00:00,56.90606416666666
2023-11-20 19:00:00+00:00,62.13797416666667
2023-11-20 20:00:00+00:00,63.4247575
2023-11-20 21:00:00+00:00,59.80937583333334
2023-11-20 22:00:00+00:00,55.452729166666664
2023-11-20 23:00:00+00:00,58.93661666666667
2023-11-21 00:00:00+00:00,79.81569166666667
2023-11-21 01:00:00+00:00,66.09979
2023-11-21 02:00:00+00:00,64.65799249999999
2023-11-21 03:00:00+00:00,65.78115833333334
2023-11-21 04:00:00+00:00,64.35073916666667
2023-11-21 05:00:00+00:00,66.57936333333333
2023-11-21 06:00:00+00:00,66.1271675
2023-11-21 07:00:00+00:00,63.85608416666667
2023-11-21 08:00:00+00:00,67.95122166666667
2023-11-21 09:00:00+00:00,65.29803416666667
2023-11-21 10:00:00+00:00,63.29289
2023-11-21 11:00:00+00:00,64.54659833333334
2023-11-21 12:00:00+00:00,68.48358583333334
2023-11-21 13:00:00+00:00,82.53350166666667
2023-11-21 14:00:00+00:00,87.52166166666666
2023-11-21 15:00:00+00:00,62.625135
2023-11-21 16:00:00+00:00,63.607826666666675
2023-11-21 17:00:00+00:00,70.8237325
2023-11-21 18:00:00+00:00,69.04317666666667
2023-11-21 19:00:00+00:00,65.93848416666667
2023-11-21 20:00:00+00:00,60.4858025
2023-11-21 21:00:00+00:00,65.22614916666667
2023-11-21 22:00:00+00:00,58.51174916666667
2023-11-21 23:00:00+00:00,64.00532416666667
2023-11-22 00:00:00+00:00,71.0122525
2023-11-22 01:00:00+00:00,63.222610833333334
2023-11-22 02:00:00+00:00,64.03766583333334
2023-11-22 03:00:00+00:00,60.854746666666664
2023-11-22 04:00:00+00:00,64.59339416666667
2023-11-22 05:00:00+00:00,61.088009166666666
2023-11-22 06:00:00+00:00,59.8988075
2023-11-22 07:00:00+00:00,55.27207833333333
2023-11-22 08:00:00+00:00,57.073187499999996
2023-11-22 09:00:00+00:00,55.37851
2023-11-22 10:00:00+00:00,54.398851666666665
2023-11-22 11:00:00+00:00,54.79601
2023-11-22 12:00:00+00:00,57.77842166666667
2023-11-22 13:00:00+00:00,59.8337975
2023-11-22 14:00:00+00:00,63.362945
2023-11-22 15:00:00+00:00,49.73968583333333
2023-11-22 16:00:00+00:00,45.82441666666667
2023-11-22 17:00:00+00:00,53.49991166666666
2023-11-22 18:00:00+00:00,50.080648333333336
2023-11-22 19:00:00+00:00,43.863850000000006
2023-11-22 20:00:00+00:00,44.744197500000006
2023-11-22 21:00:00+00:00,42.68429416666667
2023-11-22 22:00:00+00:00,52.71872166666666
2023-11-22 23:00:00+00:00,59.63804
2023-11-23 00:00:00+00:00,59.682275000000004
2023-11-23 01:00:00+00:00,56.83131083333333
2023-11-23 02:00:00+00:00,50.99048916666667
2023-11-23 03:00:00+00:00,54.23010333333334
2023-11-23 04:00:00+00:00,55.9109425
2023-11-23 05:00:00+00:00,70.58119666666666
2023-11-23 06:00:00+00:00,74.1657775
2023-11-23 07:00:00+00:00,69.11703666666666
2023-11-23 08:00:00+00:00,52.602565
2023-11-23 09:00:00+00:00,49.605448333333335
2023-11-23 10:00:00+00:00,50.62906666666667
2023-11-23 11:00:00+00:00,46.20610083333333
2023-11-23 12:00:00+00:00,49.136027500000004
2023-11-23 13:00:00+00:00,49.378335
2023-11-23 14:00:00+00:00,53.18972416666667
2023-11-23 15:00:00+00:00,62.396611666666665
2023-11-23 16:00:00+00:00,61.284144166666664
2023-11-23 17:00:00+00:00,53.72627083333333
2023-11-23 18:00:00+00:00,45.36133
2023-11-23 19:00:00+00:00,41.81362333333333
2023-11-23 20:00:00+00:00,43.14197083333334
2023-11-23 21:00:00+00:00,35.45905166666667
2023-11-23 22:00:00+00:00,28.43685333333333
2023-11-23 23:00:00+00:00,41.411389166666666
2023-11-24 00:00:00+00:00,49.5580975
2023-11-24 01:00:00+00:00,48.523914999999995
2023-11-24 02:00:00+00:00,45.654702500000006
2023-11-24 03:00:00+00:00,43.08786083333334
2023-11-24 04:00:00+00:00,46.50915333333333
2023-11-24 05:00:00+00:00,50.063516666666665
2023-11-24 06:00:00+00:00,49.99189583333333
2023-11-24 07:00:00+00:00,42.525686666666665
2023-11-24 08:00:00+00:00,44.453579166666664
2023-11-24 09:00:00+00:00,40.31582916666667
2023-11-24 10:00:00+00:00,41.905408333333334
2023-11-24 11:00:00+00:00,43.602068333333335
2023-11-24 12:00:00+00:00,48.39870833333333
2023-11-24 13:00:00+00:00,50.049465
2023-11-24 14:00:00+00:00,59.59177
2023-11-24 15:00:00+00:00,57.56925416666667
2023-11-24 16:00:00+00:00,40.062510833333334
2023-11-24 17:00:00+00:00,34.836779166666666
2023-11-24 18:00:00+00:00,31.973798333333335
2023-11-24 19:00:00+00:00,32.79705583333333
2023-11-24 20:00:00+00:00,32.6230825
2023-11-24 21:00:00+00:00,34.3422375
2023-11-24 22:00:00+00:00,33.825024166666665
2023-11-24 23:00:00+00:00,46.955350833333334
2023-11-25 00:00:00+00:00,56.332854166666664
2023-11-25 01:00:00+00:00,56.07697916666667
2023-11-25 02:00:00+00:00,57.284016666666666
2023-11-25 03:00:00+00:00,56.15260416666666
2023-11-25 04:00:00+00:00,59.094748333333335
2023-11-25 05:00:00+00:00,57.5161425
2023-11-25 06:00:00+00:00,68.49592833333334
2023-11-25 07:00:00+00:00,60.1574975
2023-11-25 08:00:00+00:00,62.49429416666666
2023-11-25 09:00:00+00:00,58.90318333333334
2023-11-25 10:00:00+00:00,50.896321666666665
2023-11-25 11:00:00+00:00,54.68669166666667
2023-11-25 12:00:00+00:00,64.04472083333333
2023-11-25 13:00:00+00:00,69.27077083333333
2023-11-25 14:00:00+00:00,87.08378666666665
2023-11-25 15:00:00+00:00,53.999388333333336
2023-11-25 16:00:00+00:00,50.72574083333333
2023-11-25 17:00:00+00:00,45.99091000000001
2023-11-25 18:00:00+00:00,42.50595416666667
2023-11-25 19:00:00+00:00,43.81545666666667
2023-11-25 20:00:00+00:00,42.139740833333335
2023-11-25 21:00:00+00:00,36.75318166666667
2023-11-25 22:00:00+00:00,35.203275
2023-11-25 23:00:00+00:00,38.62668
2023-11-26 00:00:00+00:00,67.04833583333334
2023-11-26 01:00:00+00:00,59.294203333333336
2023-11-26 02:00:00+00:00,63.2563575
2023-11-26 03:00:00+00:00,65.84880333333334
2023-11-26 04:00:00+00:00,69.13667
2023-11-26 05:00:00+00:00,81.16442666666667
2023-11-26 06:00:00+00:00,88.91056833333333
2023-11-26 07:00:00+00:00,78.73709833333334
2023-11-26 08:00:00+00:00,79.05075833333333
2023-11-26 09:00:00+00:00,76.09541166666666
2023-11-26 10:00:00+00:00,72.24837666666667
2023-11-26 11:00:00+00:00,73.70618416666666
2023-11-26 12:00:00+00:00,77.90042333333334
2023-11-26 13:00:00+00:00,84.65739
2023-11-26 14:00:00+00:00,84.293625
2023-11-26 15:00:00+00:00,66.55934916666666
2023-11-26 16:00:00+00:00,61.577082499999996
2023-11-26 17:00:00+00:00,50.9155975
2023-11-26 18:00:00+00:00,58.1065825
2023-11-26 19:00:00+00:00,52.06097666666667
2023-11-26 20:00:00+00:00,54.83595833333334
2023-11-26 21:00:00+00:00,57.97754916666667
2023-11-26 22:00:00+00:00,52.47879333333333
2023-11-26 23:00:00+00:00,72.35615583333333
2023-11-27 00:00:00+00:00,69.60371083333332
2023-11-27 01:00:00+00:00,66.26699916666666
2023-11-27 02:00:00+00:00,65.4592275
2023-11-27 03:00:00+00:00,70.65254750000001
2023-11-27 04:00:00+00:00,71.95472416666667
2023-11-27 05:00:00+00:00,65.11376166666666
2023-11-27 06:00:00+00:00,61.0824225
2023-11-27 07:00:00+00:00,60.87262666666667
2023-11-27 08:00:00+00:00,62.52453333333333
2023-11-27 09:00:00+00:00,61.0992075
2023-11-27 10:00:00+00:00,59.01206833333333
2023-11-27 11:00:00+00:00,62.66529583333334
2023-11-27 12:00:00+00:00,62.367718333333336
2023-11-27 13:00:00+00:00,69.41355666666666
2023-11-27 14:00:00+00:00,90.68656083333333
2023-11-27 15:00:00+00:00,109.10719916666666
2023-11-27 16:00:00+00:00,64.56683833333334
2023-11-27 17:00:00+00:00,57.95851083333333
2023-11-27 18:00:00+00:00,64.41630583333334
2023-11-27 19:00:00+00:00,57.63274416666667
2023-11-27 20:00:00+00:00,55.881593333333335
2023-11-27 21:00:00+00:00,49.66964083333334
2023-11-27 22:00:00+00:00,51.913311666666665
2023-11-27 23:00:00+00:00,70.78688333333334
2023-11-28 00:00:00+00:00,78.45533583333334
2023-11-28 01:00:00+00:00,89.35181166666666
2023-11-28 02:00:00+00:00,81.69327916666667
2023-11-28 03:00:00+00:00,93.41472333333333
2023-11-28 04:00:00+00:00,103.34927916666668
2023-11-28 05:00:00+00:00,112.45837833333333
2023-11-28 06:00:00+00:00,92.69104583333332
2023-11-28 07:00:00+00:00,75.19082916666666
2023-11-28 08:00:00+00:00,85.199735
2023-11-28 09:00:00+00:00,79.94613833333334
2023-11-28 10:00:00+00:00,86.50036916666666
2023-11-28 11:00:00+00:00,83.626825
2023-11-28 12:00:00+00:00,93.84550166666668
2023-11-28 13:00:00+00:00,93.91385416666667
2023-11-28 14:00:00+00:00,102.02186583333334
2023-11-28 15:00:00+00:00,118.0941475
2023-11-28 16:00:00+00:00,76.21129916666666
2023-11-28 17:00:00+00:00,82.617465
2023-11-28 18:00:00+00:00,64.52369416666667
2023-11-28 19:00:00+00:00,68.42791749999999
2023-11-28 20:00:00+00:00,65.329165
2023-11-28 21:00:00+00:00,62.130545833333336
2023-11-28 22:00:00+00:00,68.45656833333334
2023-11-28 23:00:00+00:00,89.74661083333332
2023-11-29 00:00:00+00:00,104.28957916666667
2023-11-29 01:00:00+00:00,97.77027500000001
2023-11-29 02:00:00+00:00,94.01556333333333
2023-11-29 03:00:00+00:00,110.1729775
2023-11-29 04:00:00+00:00,125.6261175
2023-11-29 05:00:00+00:00,112.47570999999999
2023-11-29 06:00:00+00:00,106.29393083333333
2023-11-29 07:00:00+00:00,90.17096666666667
2023-11-29 08:00:00+00:00,83.06345916666668
2023-11-29 09:00:00+00:00,89.86253083333332
2023-11-29 10:00:00+00:00,81.973615
2023-11-29 11:00:00+00:00,86.28475166666665
2023-11-29 12:00:00+00:00,79.36883666666667
2023-11-29 13:00:00+00:00,86.20682749999999
2023-11-29 14:00:00+00:00,98.17962916666666
2023-11-29 15:00:00+00:00,108.91896083333334
2023-11-29 16:00:00+00:00,104.920555
2023-11-29 17:00:00+00:00,99.6314025
2023-11-29 18:00:00+00:00,87.46942416666667
2023-11-29 19:00:00+00:00,78.01961166666666
2023-11-29 20:00:00+00:00,72.91409583333333
2023-11-29 21:00:00+00:00,77.275155
2023-11-29 22:00:00+00:00,75.99389916666667
2023-11-29 23:00:00+00:00,84.28613333333332
2023-11-30 00:00:00+00:00,107.35925916666667
2023-11-30 01:00:00+00:00,102.87776833333334
2023-11-30 02:00:00+00:00,93.6078175
2023-11-30 03:00:00+00:00,99.58784416666667
2023-11-30 04:00:00+00:00,91.32327
2023-11-30 05:00:00+00:00,94.85498583333333
2023-11-30 06:00:00+00:00,73.96619249999999
2023-11-30 07:00:00+00:00,70.48096833333334
2023-11-30 08:00:00+00:00,69.64087833333333
2023-11-30 09:00:00+00:00,69.41643416666666
2023-11-30 10:00:00+00:00,70.783665
2023-11-30 11:00:00+00:00,67.03982
2023-11-30 12:00:00+00:00,68.5896525
2023-11-30 13:00:00+00:00,78.22157666666666
2023-11-30 14:00:00+00:00,90.44205916666665
2023-11-30 15:00:00+00:00,106.13779416666667
2023-11-30 16:00:00+00:00,112.79733499999999
2023-11-30 17:00:00+00:00,110.53302083333334
2023-11-30 18:00:00+00:00,82.84405583333334
2023-11-30 19:00:00+00:00,72.09875583333333
2023-11-30 20:00:00+00:00,68.76258
2023-11-30 21:00:00+00:00,76.1220875
2023-11-30 22:00:00+00:00,75.43443
2023-11-30 23:00:00+00:00,82.9230275
2023-12-01 00:00:00+00:00,90.43040083333334
2023-12-01 01:00:00+00:00,96.50492416666667
2023-12-01 02:00:00+00:00,90.3122575
2023-12-01 03:00:00+00:00,91.79377416666667
2023-12-01 04:00:00+00:00,86.27522583333332
2023-12-01 05:00:00+00:00,87.39584166666667
2023-12-01 06:00:00+00:00,72.19780333333334
2023-12-01 07:00:00+00:00,64.73616916666667
2023-12-01 08:00:00+00:00,67.24613333333333
2023-12-01 09:00:00+00:00,63.74329666666667
2023-12-01 10:00:00+00:00,59.648134166666665
2023-12-01 11:00:00+00:00,69.83847916666666
2023-12-01 12:00:00+00:00,66.43183
2023-12-01 13:00:00+00:00,68.42225916666668
2023-12-01 14:00:00+00:00,73.35862916666666
2023-12-01 15:00:00+00:00,74.08377166666666
2023-12-01 16:00:00+00:00,72.03509583333333
2023-12-01 17:00:00+00:00,75.0679925
2023-12-01 18:00:00+00:00,83.07271333333334
2023-12-01 19:00:00+00:00,81.10017416666666
2023-12-01 20:00:00+00:00,66.32786166666666
2023-12-01 21:00:00+00:00,44.13621416666666
2023-12-01 22:00:00+00:00,52.750728333333335
2023-12-01 23:00:00+00:00,55.83830333333333
2023-12-02 00:00:00+00:00,71.26735916666667
2023-12-02 01:00:00+00:00,67.45398166666666
2023-12-02 02:00:00+00:00,60.313320833333336
2023-12-02 03:00:00+00:00,59.264784166666665
2023-12-02 04:00:00+00:00,55.944745833333336
2023-12-02 05:00:00+00:00,59.81862833333333
2023-12-02 06:00:00+00:00,57.465265833333326
2023-12-02 07:00:00+00:00,52.544488333333334
2023-12-02 08:00:00+00:00,52.55933666666667
2023-12-02 09:00:00+00:00,51.798454166666666
2023-12-02 10:00:00+00:00,51.13473
2023-12-02 11:00:00+00:00,50.505433333333336
2023-12-02 12:00:00+00:00,48.41812916666667
2023-12-02 13:00:00+00:00,53.37721333333334
2023-12-02 14:00:00+00:00,56.469809166666664
2023-12-02 15:00:00+00:00,54.503524999999996
2023-12-02 16:00:00+00:00,61.91796
2023-12-02 17:00:00+00:00,62.2642175
2023-12-02 18:00:00+00:00,62.000189166666665
2023-12-02 19:00:00+00:00,62.37323333333333
2023-12-02 20:00:00+00:00,62.295327500000006
2023-12-02 21:00:00+00:00,66.64414166666667
2023-12-02 22:00:00+00:00,66.67151416666667
2023-12-02 23:00:00+00:00,76.44864583333333
2023-12-03 00:00:00+00:00,63.28402500000001
2023-12-03 01:00:00+00:00,58.04557416666666
2023-12-03 02:00:00+00:00,53.62652083333333
2023-12-03 03:00:00+00:00,58.3814425
2023-12-03 04:00:00+00:00,60.9101825
2023-12-03 05:00:00+00:00,55.155100000000004
2023-12-03 06:00:00+00:00,52.10523833333334
2023-12-03 07:00:00+00:00,47.558
2023-12-03 08:00:00+00:00,54.17675
2023-12-03 09:00:00+00:00,53.0431525
2023-12-03 10:00:00+00:00,54.215450000000004
2023-12-03 11:00:00+00:00,59.16149083333334
2023-12-03 12:00:00+00:00,67.14062833333334
2023-12-03 13:00:00+00:00,63.676537499999995
2023-12-03 14:00:00+00:00,65.45329
2023-12-03 15:00:00+00:00,65.01320666666668
2023-12-03 16:00:00+00:00,75.95409
2023-12-03 17:00:00+00:00,78.5537175
2023-12-03 18:00:00+00:00,76.29585666666667
2023-12-03 19:00:00+00:00,66.7462975
2023-12-03 20:00:00+00:00,73.15433333333333
2023-12-03 21:00:00+00:00,72.310465
2023-12-03 22:00:00+00:00,65.6031
2023-12-03 23:00:00+00:00,62.37411916666667
2023-12-04 00:00:00+00:00,69.3970375
2023-12-04 01:00:00+00:00,69.34798833333333
2023-12-04 02:00:00+00:00,71.289
2023-12-04 03:00:00+00:00,71.72938916666666
2023-12-04 04:00:00+00:00,80.8391125
2023-12-04 05:00:00+00:00,81.88155333333333
2023-12-04 06:00:00+00:00,71.40088250000001
2023-12-04 07:00:00+00:00,61.7161075
2023-12-04 08:00:00+00:00,60.38337083333334
2023-12-04 09:00:00+00:00,57.40664
2023-12-04 10:00:00+00:00,55.8638325
2023-12-04 11:00:00+00:00,51.54931083333333
2023-12-04 12:00:00+00:00,53.48927583333333
2023-12-04 13:00:00+00:00,68.66619666666666
2023-12-04 14:00:00+00:00,81.90188500000001
2023-12-04 15:00:00+00:00,84.14439
2023-12-04 16:00:00+00:00,65.42823
2023-12-04 17:00:00+00:00,70.79319166666666
2023-12-04 18:00:00+00:00,72.04506500000001
2023-12-04 19:00:00+00:00,70.80621000000001
2023-12-04 20:00:00+00:00,74.28570416666666
2023-12-04 21:00:00+00:00,70.44134166666667
2023-12-04 22:00:00+00:00,65.5741
2023-12-04 23:00:00+00:00,71.657335
2023-12-05 00:00:00+00:00,73.83649166666667
2023-12-05 01:00:00+00:00,80.82678
2023-12-05 02:00:00+00:00,76.242475
2023-12-05 03:00:00+00:00,73.85478416666666
2023-12-05 04:00:00+00:00,73.7404075
2023-12-05 05:00:00+00:00,67.78335083333333
2023-12-05 06:00:00+00:00,62.3485575
2023-12-05 07:00:00+00:00,57.41289750000001
2023-12-05 08:00:00+00:00,50.641465833333335
2023-12-05 09:00:00+00:00,49.892206666666674
2023-12-05 10:00:00+00:00,51.247195833333336
2023-12-05 11:00:00+00:00,49.361790000000006
2023-12-05 12:00:00+00:00,54.21481583333334
2023-12-05 13:00:00+00:00,64.84947333333334
2023-12-05 14:00:00+00:00,75.21619166666666
2023-12-05 15:00:00+00:00,77.19117166666668
2023-12-05 16:00:00+00:00,52.833175000000004
2023-12-05 17:00:00+00:00,59.6059275
2023-12-05 18:00:00+00:00,59.02544416666667
2023-12-05 19:00:00+00:00,57.0181475
2023-12-05 20:00:00+00:00,64.17236833333332
2023-12-05 21:00:00+00:00,64.0186575
2023-12-05 22:00:00+00:00,69.32709333333334
2023-12-05 23:00:00+00:00,66.71860333333333
2023-12-06 00:00:00+00:00,74.07479333333333
2023-12-06 01:00:00+00:00,69.90246083333334
2023-12-06 02:00:00+00:00,70.31107583333333
2023-12-06 03:00:00+00:00,66.49941416666667
2023-12-06 04:00:00+00:00,72.29133916666667
2023-12-06 05:00:00+00:00,70.25729833333334
2023-12-06 06:00:00+00:00,60.805115
2023-12-06 07:00:00+00:00,55.0045475
2023-12-06 08:00:00+00:00,52.67488916666667
2023-12-06 09:00:00+00:00,51.532129166666664
2023-12-06 10:00:00+00:00,51.62876333333333
2023-12-06 11:00:00+00:00,51.95231666666667
2023-12-06 12:00:00+00:00,56.13282833333333
2023-12-06 13:00:00+00:00,64.94681666666666
2023-12-06 14:00:00+00:00,77.27681916666667
2023-12-06 15:00:00+00:00,62.8419575
2023-12-06 16:00:00+00:00,37.9215525
2023-12-06 17:00:00+00:00,50.55686666666667
2023-12-06 18:00:00+00:00,94.51220583333333
2023-12-06 19:00:00+00:00,128.2971525
2023-12-06 20:00:00+00:00,84.47381
2023-12-06 21:00:00+00:00,112.24354583333333
2023-12-06 22:00:00+00:00,75.1025675
2023-12-06 23:00:00+00:00,77.51111583333333
2023-12-07 00:00:00+00:00,72.54715
2023-12-07 01:00:00+00:00,70.9415
2023-12-07 02:00:00+00:00,61.051245
2023-12-07 03:00:00+00:00,54.43797166666667
2023-12-07 04:00:00+00:00,51.81335083333334
2023-12-07 05:00:00+00:00,51.46389833333333
2023-12-07 06:00:00+00:00,50.31044083333333
2023-12-07 07:00:00+00:00,47.544084166666664
2023-12-07 08:00:00+00:00,47.16137166666667
2023-12-07 09:00:00+00:00,47.734655000000004
2023-12-07 10:00:00+00:00,42.82456916666666
2023-12-07 11:00:00+00:00,31.949708333333334
2023-12-07 12:00:00+00:00,41.532449166666666
2023-12-07 13:00:00+00:00,45.22698416666666
2023-12-07 14:00:00+00:00,50.88239166666667
2023-12-07 15:00:00+00:00,60.477916666666665
2023-12-07 16:00:00+00:00,41.03047
2023-12-07 17:00:00+00:00,42.46050916666667
2023-12-07 18:00:00+00:00,44.193174166666665
2023-12-07 19:00:00+00:00,48.50427
2023-12-07 20:00:00+00:00,47.06053666666667
2023-12-07 21:00:00+00:00,56.52835666666667
2023-12-07 22:00:00+00:00,52.2995875
2023-12-07 23:00:00+00:00,58.140878333333326
2023-12-08 00:00:00+00:00,54.91383
2023-12-08 01:00:00+00:00,57.28757916666667
2023-12-08 02:00:00+00:00,55.22405
2023-12-08 03:00:00+00:00,58.2267175
2023-12-08 04:00:00+00:00,55.097075
2023-12-08 05:00:00+00:00,58.3630575
2023-12-08 06:00:00+00:00,52.8918525
2023-12-08 07:00:00+00:00,48.100567500000004
2023-12-08 08:00:00+00:00,49.08846083333333
2023-12-08 09:00:00+00:00,47.23215583333334
2023-12-08 10:00:00+00:00,48.15250666666666
2023-12-08 11:00:00+00:00,43.916154166666665
2023-12-08 12:00:00+00:00,50.81246333333333
2023-12-08 13:00:00+00:00,56.936555
2023-12-08 14:00:00+00:00,53.8428575
2023-12-08 15:00:00+00:00,69.83028166666666
2023-12-08 16:00:00+00:00,63.15402916666667
2023-12-08 17:00:00+00:00,55.66135916666667
2023-12-08 18:00:00+00:00,46.159345
2023-12-08 19:00:00+00:00,34.93620583333333
2023-12-08 20:00:00+00:00,31.284022500000003
2023-12-08 21:00:00+00:00,28.629739166666667
2023-12-08 22:00:00+00:00,26.950413333333334
2023-12-08 23:00:00+00:00,34.05208416666667
2023-12-09 00:00:00+00:00,60.964193333333334
2023-12-09 01:00:00+00:00,61.23778416666667
2023-12-09 02:00:00+00:00,62.832930833333336
2023-12-09 03:00:00+00:00,61.993715
2023-12-09 04:00:00+00:00,68.43443833333333
2023-12-09 05:00:00+00:00,69.1316125
2023-12-09 06:00:00+00:00,75.04863916666666
2023-12-09 07:00:00+00:00,71.476465
2023-12-09 08:00:00+00:00,67.66346
2023-12-09 09:00:00+00:00,56.11860083333334
2023-12-09 10:00:00+00:00,56.92804666666667
2023-12-09 11:00:00+00:00,55.559315833333336
2023-12-09 12:00:00+00:00,53.764100000000006
2023-12-09 13:00:00+00:00,61.970875
2023-12-09 14:00:00+00:00,67.84274416666666
2023-12-09 15:00:00+00:00,68.68233583333334
2023-12-09 16:00:00+00:00,59.71292333333333
2023-12-09 17:00:00+00:00,48.963365833333334
2023-12-09 18:00:00+00:00,41.90267
2023-12-09 19:00:00+00:00,44.767293333333335
2023-12-09 20:00:00+00:00,37.8949425
2023-12-09 21:00:00+00:00,42.70909416666667
2023-12-09 22:00:00+00:00,51.95631666666666
2023-12-09 23:00:00+00:00,59.5451425
2023-12-10 00:00:00+00:00,64.14236416666667
2023-12-10 01:00:00+00:00,64.08716666666668
2023-12-10 02:00:00+00:00,65.262275
2023-12-10 03:00:00+00:00,65.64996833333333
2023-12-10 04:00:00+00:00,64.54161416666666
2023-12-10 05:00:00+00:00,65.32858166666666
2023-12-10 06:00:00+00:00,66.02852916666667
2023-12-10 07:00:00+00:00,58.660293333333335
2023-12-10 08:00:00+00:00,54.598065
2023-12-10 09:00:00+00:00,50.70940833333333
2023-12-10 10:00:00+00:00,50.78669333333334
2023-12-10 11:00:00+00:00,50.35519083333333
2023-12-10 12:00:00+00:00,51.26779166666666
2023-12-10 13:00:00+00:00,53.456785833333335
2023-12-10 14:00:00+00:00,60.7834475
2023-12-10 15:00:00+00:00,52.53814916666666
2023-12-10 16:00:00+00:00,44.35752416666667
2023-12-10 17:00:00+00:00,32.6715525
2023-12-10 18:00:00+00:00,34.35814
2023-12-10 19:00:00+00:00,43.39641833333334
2023-12-10 20:00:00+00:00,50.03044333333333
2023-12-10 21:00:00+00:00,43.021225833333325
2023-12-10 22:00:00+00:00,40.33510583333334
2023-12-10 23:00:00+00:00,50.576164166666665
2023-12-11 00:00:00+00:00,62.459493333333334
2023-12-11 01:00:00+00:00,68.09437833333334
2023-12-11 02:00:00+00:00,64.66665916666666
2023-12-11 03:00:00+00:00,64.3003175
2023-12-11 04:00:00+00:00,67.44018833333332
2023-12-11 05:00:00+00:00,66.05181833333334
2023-12-11 06:00:00+00:00,59.34820083333333
2023-12-11 07:00:00+00:00,47.070407499999995
2023-12-11 08:00:00+00:00,54.43568333333334
2023-12-11 09:00:00+00:00,52.91617166666666
2023-12-11 10:00:00+00:00,53.6840925
2023-12-11 11:00:00+00:00,52.24390333333333
2023-12-11 12:00:00+00:00,61.013817499999995
2023-12-11 13:00:00+00:00,71.46915333333332
2023-12-11 14:00:00+00:00,83.27382
2023-12-11 15:00:00+00:00,105.54755
2023-12-11 16:00:00+00:00,59.35427083333334
2023-12-11 17:00:00+00:00,46.2516075
2023-12-11 18:00:00+00:00,44.9936275
2023-12-11 19:00:00+00:00,44.45297333333334
2023-12-11 20:00:00+00:00,41.92223333333333
2023-12-11 21:00:00+00:00,40.8062675
2023-12-11 22:00:00+00:00,40.93098083333333
2023-12-11 23:00:00+00:00,60.72922833333333
2023-12-12 00:00:00+00:00,70.01196666666667
2023-12-12 01:00:00+00:00,75.10213666666667
2023-12-12 02:00:00+00:00,66.962045
2023-12-12 03:00:00+00:00,67.75601916666666
2023-12-12 04:00:00+00:00,72.52860416666667
2023-12-12 05:00:00+00:00,72.078695
2023-12-12 06:00:00+00:00,71.50053333333334
2023-12-12 07:00:00+00:00,63.913832500000005
2023-12-12 08:00:00+00:00,58.9673
2023-12-12 09:00:00+00:00,57.57259416666667
2023-12-12 10:00:00+00:00,60.28191916666666
2023-12-12 11:00:00+00:00,61.18589166666666
2023-12-12 12:00:00+00:00,62.95610166666666
2023-12-12 13:00:00+00:00,72.0361525
2023-12-12 14:00:00+00:00,87.16523666666666
2023-12-12 15:00:00+00:00,272.60295916666666
2023-12-12 16:00:00+00:00,42.22274916666667
2023-12-12 17:00:00+00:00,45.06424166666667
2023-12-12 18:00:00+00:00,42.873086666666666
2023-12-12 19:00:00+00:00,41.89868416666666
2023-12-12 20:00:00+00:00,42.053310833333335
2023-12-12 21:00:00+00:00,41.690939166666666
2023-12-12 22:00:00+00:00,39.74045
2023-12-12 23:00:00+00:00,52.305704166666665
2023-12-13 00:00:00+00:00,64.603605
2023-12-13 01:00:00+00:00,68.99614333333334
2023-12-13 02:00:00+00:00,69.25537
2023-12-13 03:00:00+00:00,70.0200825
2023-12-13 04:00:00+00:00,75.66014583333333
2023-12-13 05:00:00+00:00,73.1425425
2023-12-13 06:00:00+00:00,72.43645666666667
2023-12-13 07:00:00+00:00,62.644995
2023-12-13 08:00:00+00:00,60.193490833333335
2023-12-13 09:00:00+00:00,59.07825166666667
2023-12-13 10:00:00+00:00,57.82796166666666
2023-12-13 11:00:00+00:00,57.6537175
2023-12-13 12:00:00+00:00,58.704265
2023-12-13 13:00:00+00:00,65.6430875
2023-12-13 14:00:00+00:00,69.31731166666667
2023-12-13 15:00:00+00:00,69.55071166666666
2023-12-13 16:00:00+00:00,52.38457
2023-12-13 17:00:00+00:00,46.073820000000005
2023-12-13 18:00:00+00:00,41.405339166666664
2023-12-13 19:00:00+00:00,35.77950583333334
2023-12-13 20:00:00+00:00,40.0520325
2023-12-13 21:00:00+00:00,36.869625
2023-12-13 22:00:00+00:00,33.395694166666665
2023-12-13 23:00:00+00:00,48.71205166666667
2023-12-14 00:00:00+00:00,65.22982583333334
2023-12-14 01:00:00+00:00,65.84387666666667
2023-12-14 02:00:00+00:00,66.32069249999999
2023-12-14 03:00:00+00:00,68.60568666666667
2023-12-14 04:00:00+00:00,67.30871166666667
2023-12-14 05:00:00+00:00,69.32395333333334
2023-12-14 06:00:00+00:00,71.09655166666667
2023-12-14 07:00:00+00:00,63.54811333333333
2023-12-14 08:00:00+00:00,61.3337775
2023-12-14 09:00:00+00:00,57.40215916666667
2023-12-14 10:00:00+00:00,56.917300000000004
2023-12-14 11:00:00+00:00,57.17137916666667
2023-12-14 12:00:00+00:00,62.57080333333334
2023-12-14 13:00:00+00:00,63.583575833333335
2023-12-14 14:00:00+00:00,70.6369175
2023-12-14 15:00:00+00:00,66.38867083333334
2023-12-14 16:00:00+00:00,38.87938416666667
2023-12-14 17:00:00+00:00,40.7124875
2023-12-14 18:00:00+00:00,42.496138333333334
2023-12-14 19:00:00+00:00,39.04933416666667
2023-12-14 20:00:00+00:00,38.62229
2023-12-14 21:00:00+00:00,38.87511416666667
2023-12-14 22:00:00+00:00,36.819781666666664
2023-12-14 23:00:00+00:00,55.1172025
2023-12-15 00:00:00+00:00,69.63821833333334
2023-12-15 01:00:00+00:00,65.68611666666666
2023-12-15 02:00:00+00:00,63.96673083333334
2023-12-15 03:00:00+00:00,62.61232666666667
2023-12-15 04:00:00+00:00,61.930142499999995
2023-12-15 05:00:00+00:00,61.21052583333333
2023-12-15 06:00:00+00:00,60.96499333333333
2023-12-15 07:00:00+00:00,55.46433083333333
2023-12-15 08:00:00+00:00,54.09513583333333
2023-12-15 09:00:00+00:00,48.2458325
2023-12-15 10:00:00+00:00,43.737044166666664
2023-12-15 11:00:00+00:00,46.0217575
2023-12-15 12:00:00+00:00,49.702782500000005
2023-12-15 13:00:00+00:00,58.85444916666666
2023-12-15 14:00:00+00:00,62.509355
2023-12-15 15:00:00+00:00,65.93114666666666
2023-12-15 16:00:00+00:00,46.103805
2023-12-15 17:00:00+00:00,42.40728166666667
2023-12-15 18:00:00+00:00,40.947880833333336
2023-12-15 19:00:00+00:00,37.655905833333335
2023-12-15 20:00:00+00:00,38.7101925
2023-12-15 21:00:00+00:00,48.6928225
2023-12-15 22:00:00+00:00,40.835453333333334
2023-12-15 23:00:00+00:00,48.79103
2023-12-16 00:00:00+00:00,63.91486749999999
2023-12-16 01:00:00+00:00,62.453512499999995
2023-12-16 02:00:00+00:00,57.54092833333333
2023-12-16 03:00:00+00:00,56.71371166666666
2023-12-16 04:00:00+00:00,61.08799166666666
2023-12-16 05:00:00+00:00,60.881724999999996
2023-12-16 06:00:00+00:00,67.16150416666666
2023-12-16 07:00:00+00:00,60.8236775
2023-12-16 08:00:00+00:00,64.30090833333334
2023-12-16 09:00:00+00:00,59.24937083333333
2023-12-16 10:00:00+00:00,54.280322500000004
2023-12-16 11:00:00+00:00,55.291585
2023-12-16 12:00:00+00:00,58.183105000000005
2023-12-16 13:00:00+00:00,60.6446325
2023-12-16 14:00:00+00:00,61.80406083333333
2023-12-16 15:00:00+00:00,60.88742333333334
2023-12-16 16:00:00+00:00,55.61634166666667
2023-12-16 17:00:00+00:00,58.648262499999994
2023-12-16 18:00:00+00:00,49.174058333333335
2023-12-16 19:00:00+00:00,53.28073166666667
2023-12-16 20:00:00+00:00,51.979976666666666
2023-12-16 21:00:00+00:00,49.08072083333334
2023-12-16 22:00:00+00:00,46.879506666666664
2023-12-16 23:00:00+00:00,54.49280916666667
2023-12-17 00:00:00+00:00,59.63233333333333
2023-12-17 01:00:00+00:00,59.07934
2023-12-17 02:00:00+00:00,58.2012325
2023-12-17 03:00:00+00:00,59.18614083333333
2023-12-17 04:00:00+00:00,65.2371925
2023-12-17 05:00:00+00:00,67.78841333333334
2023-12-17 06:00:00+00:00,65.42188583333333
2023-12-17 07:00:00+00:00,57.484845
2023-12-17 08:00:00+00:00,56.702634999999994
2023-12-17 09:00:00+00:00,54.845994999999995
2023-12-17 10:00:00+00:00,50.51625833333333
2023-12-17 11:00:00+00:00,45.123195833333334
2023-12-17 12:00:00+00:00,44.974249166666674
2023-12-17 13:00:00+00:00,46.28384
2023-12-17 14:00:00+00:00,46.98960416666667
2023-12-17 15:00:00+00:00,46.910001666666666
2023-12-17 16:00:00+00:00,58.16573916666667
2023-12-17 17:00:00+00:00,63.984339166666665
2023-12-17 18:00:00+00:00,64.28696333333333
2023-12-17 19:00:00+00:00,65.84597166666667
2023-12-17 20:00:00+00:00,65.72090166666668
2023-12-17 21:00:00+00:00,69.10003416666667
2023-12-17 22:00:00+00:00,63.25264083333334
2023-12-17 23:00:00+00:00,59.872052499999995
2023-12-18 00:00:00+00:00,58.544787500000005
2023-12-18 01:00:00+00:00,60.905367500000004
2023-12-18 02:00:00+00:00,62.844345
2023-12-18 03:00:00+00:00,64.70799833333334
2023-12-18 04:00:00+00:00,65.51747916666666
2023-12-18 05:00:00+00:00,60.55957166666667
2023-12-18 06:00:00+00:00,52.66120083333333
2023-12-18 07:00:00+00:00,48.09034
2023-12-18 08:00:00+00:00,55.790353333333336
2023-12-18 09:00:00+00:00,55.600831666666664
2023-12-18 10:00:00+00:00,55.6767575
2023-12-18 11:00:00+00:00,56.09714666666667
2023-12-18 12:00:00+00:00,57.55177166666667
2023-12-18 13:00:00+00:00,58.62511333333333
2023-12-18 14:00:00+00:00,64.88419666666667
2023-12-18 15:00:00+00:00,68.84269083333334
2023-12-18 16:00:00+00:00,73.351325
2023-12-18 17:00:00+00:00,72.2963325
2023-12-18 18:00:00+00:00,70.05991833333333
2023-12-18 19:00:00+00:00,69.8992125
2023-12-18 20:00:00+00:00,56.8887425
2023-12-18 21:00:00+00:00,63.396506666666674
2023-12-18 22:00:00+00:00,74.9937425
2023-12-18 23:00:00+00:00,72.582425
2023-12-19 00:00:00+00:00,66.2718875
2023-12-19 01:00:00+00:00,68.60395666666666
2023-12-19 02:00:00+00:00,66.64803666666667
2023-12-19 03:00:00+00:00,66.66201166666666
2023-12-19 04:00:00+00:00,69.52057416666666
2023-12-19 05:00:00+00:00,64.4697
2023-12-19 06:00:00+00:00,59.63355166666667
2023-12-19 07:00:00+00:00,55.246116666666666
2023-12-19 08:00:00+00:00,47.591838333333335
2023-12-19 09:00:00+00:00,47.33659083333333
2023-12-19 10:00:00+00:00,46.760641666666665
2023-12-19 11:00:00+00:00,43.414012500000005
2023-12-19 12:00:00+00:00,45.07679833333333
2023-12-19 13:00:00+00:00,50.229065
2023-12-19 14:00:00+00:00,49.81057083333334
2023-12-19 15:00:00+00:00,51.41822333333334
2023-12-19 16:00:00+00:00,51.07665666666667
2023-12-19 17:00:00+00:00,49.069514999999996
2023-12-19 18:00:00+00:00,46.46720666666667
2023-12-19 19:00:00+00:00,50.131075833333334
2023-12-19 20:00:00+00:00,60.11494916666666
2023-12-19 21:00:00+00:00,57.09802833333333
2023-12-19 22:00:00+00:00,57.853717499999995
2023-12-19 23:00:00+00:00,54.984611666666666
2023-12-20 00:00:00+00:00,54.04549666666667
2023-12-20 01:00:00+00:00,52.98712750000001
2023-12-20 02:00:00+00:00,53.36234083333333
2023-12-20 03:00:00+00:00,53.3845425
2023-12-20 04:00:00+00:00,52.60235583333333
2023-12-20 05:00:00+00:00,49.54365416666667
2023-12-20 06:00:00+00:00,47.32243
2023-12-20 07:00:00+00:00,41.56404666666666
2023-12-20 08:00:00+00:00,42.55712416666667
2023-12-20 09:00:00+00:00,44.98910166666667
2023-12-20 10:00:00+00:00,42.057409166666666
2023-12-20 11:00:00+00:00,41.89090166666667
2023-12-20 12:00:00+00:00,43.55006666666666
2023-12-20 13:00:00+00:00,43.62815416666667
2023-12-20 14:00:00+00:00,44.390569166666666
2023-12-20 15:00:00+00:00,48.2235825
2023-12-20 16:00:00+00:00,43.783719999999995
2023-12-20 17:00:00+00:00,44.604996666666665
2023-12-20 18:00:00+00:00,51.310609166666666
2023-12-20 19:00:00+00:00,53.80368583333333
2023-12-20 20:00:00+00:00,61.55814833333333
2023-12-20 21:00:00+00:00,57.97405416666667
2023-12-20 22:00:00+00:00,56.42714166666667
2023-12-20 23:00:00+00:00,54.64701416666667
2023-12-21 00:00:00+00:00,50.9130525
2023-12-21 01:00:00+00:00,46.44735
2023-12-21 02:00:00+00:00,45.16072583333334
2023-12-21 03:00:00+00:00,43.105560833333335
2023-12-21 04:00:00+00:00,42.5502575
2023-12-21 05:00:00+00:00,44.79675916666667
2023-12-21 06:00:00+00:00,42.69739583333333
2023-12-21 07:00:00+00:00,42.41950333333333
2023-12-21 08:00:00+00:00,42.393346666666666
2023-12-21 09:00:00+00:00,42.474537500000004
2023-12-21 10:00:00+00:00,40.81724416666666
2023-12-21 11:00:00+00:00,40.77859083333333
2023-12-21 12:00:00+00:00,42.461616666666664
2023-12-21 13:00:00+00:00,44.27412416666667
2023-12-21 14:00:00+00:00,45.190782500000005
2023-12-21 15:00:00+00:00,41.26032333333333
2023-12-21 16:00:00+00:00,38.64316
2023-12-21 17:00:00+00:00,42.473205
2023-12-21 18:00:00+00:00,45.71875583333334
2023-12-21 19:00:00+00:00,39.87070083333334
2023-12-21 20:00:00+00:00,40.261675000000004
2023-12-21 21:00:00+00:00,40.17832666666667
2023-12-21 22:00:00+00:00,40.62106166666667
2023-12-21 23:00:00+00:00,49.059738333333335
2023-12-22 00:00:00+00:00,48.44133416666667
2023-12-22 01:00:00+00:00,48.66867416666667
2023-12-22 02:00:00+00:00,43.431617499999994
2023-12-22 03:00:00+00:00,43.200314166666665
2023-12-22 04:00:00+00:00,43.232774166666665
2023-12-22 05:00:00+00:00,43.35778666666667
2023-12-22 06:00:00+00:00,40.985976666666666
2023-12-22 07:00:00+00:00,39.534884166666664
2023-12-22 08:00:00+00:00,40.02777583333333
2023-12-22 09:00:00+00:00,39.2131425
2023-12-22 10:00:00+00:00,40.53458583333333
2023-12-22 11:00:00+00:00,43.0973825
2023-12-22 12:00:00+00:00,44.7052675
2023-12-22 13:00:00+00:00,45.59194
2023-12-22 14:00:00+00:00,44.91991166666667
2023-12-22 15:00:00+00:00,46.68718166666667
2023-12-22 16:00:00+00:00,51.56234833333334
2023-12-22 17:00:00+00:00,51.360614166666664
2023-12-22 18:00:00+00:00,51.016510833333335
2023-12-22 19:00:00+00:00,45.2313575
2023-12-22 20:00:00+00:00,40.659174166666666
2023-12-22 21:00:00+00:00,38.0705925
2023-12-22 22:00:00+00:00,38.2466525
2023-12-22 23:00:00+00:00,40.40022916666667
2023-12-23 00:00:00+00:00,42.53096583333333
2023-12-23 01:00:00+00:00,44.86609166666667
2023-12-23 02:00:00+00:00,41.16213166666667
2023-12-23 03:00:00+00:00,40.58081
2023-12-23 04:00:00+00:00,38.9260925
2023-12-23 05:00:00+00:00,39.96176333333333
2023-12-23 06:00:00+00:00,40.05511083333334
2023-12-23 07:00:00+00:00,36.71983
2023-12-23 08:00:00+00:00,36.99446833333334
2023-12-23 09:00:00+00:00,33.9865975
2023-12-23 10:00:00+00:00,32.83448333333333
2023-12-23 11:00:00+00:00,31.5026075
2023-12-23 12:00:00+00:00,29.645395833333335
2023-12-23 13:00:00+00:00,31.66418916666667
2023-12-23 14:00:00+00:00,33.55240666666666
2023-12-23 15:00:00+00:00,34.424546666666664
2023-12-23 16:00:00+00:00,29.5553275
2023-12-23 17:00:00+00:00,30.001807499999998
2023-12-23 18:00:00+00:00,27.147042499999998
2023-12-23 19:00:00+00:00,26.097107500000003
2023-12-23 20:00:00+00:00,27.252324166666668
2023-12-23 21:00:00+00:00,20.216554166666665
2023-12-23 22:00:00+00:00,24.2739875
2023-12-23 23:00:00+00:00,30.03988
2023-12-24 00:00:00+00:00,38.41173833333334
2023-12-24 01:00:00+00:00,42.640168333333335
2023-12-24 02:00:00+00:00,41.75843833333334
2023-12-24 03:00:00+00:00,46.852067500000004
2023-12-24 04:00:00+00:00,46.15544166666667
2023-12-24 05:00:00+00:00,46.92185083333334
2023-12-24 06:00:00+00:00,45.93112166666666
2023-12-24 07:00:00+00:00,42.41528916666667
2023-12-24 08:00:00+00:00,43.67637
2023-12-24 09:00:00+00:00,43.37124583333334
2023-12-24 10:00:00+00:00,40.173811666666666
2023-12-24 11:00:00+00:00,40.458011666666664
2023-12-24 12:00:00+00:00,40.273426666666666
2023-12-24 13:00:00+00:00,43.543335000000006
2023-12-24 14:00:00+00:00,44.151893333333334
2023-12-24 15:00:00+00:00,40.673790833333335
2023-12-24 16:00:00+00:00,40.72006916666667
2023-12-24 17:00:00+00:00,43.1245475
2023-12-24 18:00:00+00:00,44.792651666666664
2023-12-24 19:00:00+00:00,45.099975
2023-12-24 20:00:00+00:00,44.161788333333334
2023-12-24 21:00:00+00:00,42.20934833333333
2023-12-24 22:00:00+00:00,45.878119166666664
2023-12-24 23:00:00+00:00,42.00786166666666
2023-12-25 00:00:00+00:00,45.08653
2023-12-25 01:00:00+00:00,48.3347075
2023-12-25 02:00:00+00:00,48.49924083333334
2023-12-25 03:00:00+00:00,48.7415575
2023-12-25 04:00:00+00:00,49.546032499999995
2023-12-25 05:00:00+00:00,48.30998416666667
2023-12-25 06:00:00+00:00,49.493410833333336
2023-12-25 07:00:00+00:00,50.278102499999996
2023-12-25 08:00:00+00:00,48.06565916666667
2023-12-25 09:00:00+00:00,45.55676666666667
2023-12-25 10:00:00+00:00,42.27457833333333
2023-12-25 11:00:00+00:00,39.07747833333333
2023-12-25 12:00:00+00:00,38.88113416666667
2023-12-25 13:00:00+00:00,39.24272166666667
2023-12-25 14:00:00+00:00,40.54619833333333
2023-12-25 15:00:00+00:00,42.22307333333333
2023-12-25 16:00:00+00:00,39.68145
2023-12-25 17:00:00+00:00,37.57848833333333
2023-12-25 18:00:00+00:00,37.59688416666666
2023-12-25 19:00:00+00:00,36.168818333333334
2023-12-25 20:00:00+00:00,39.279914999999995
2023-12-25 21:00:00+00:00,35.61031666666667
2023-12-25 22:00:00+00:00,38.816285
2023-12-25 23:00:00+00:00,39.755532499999994
2023-12-26 00:00:00+00:00,40.2400775
2023-12-26 01:00:00+00:00,38.71224333333333
2023-12-26 02:00:00+00:00,42.064875
2023-12-26 03:00:00+00:00,40.53909166666667
2023-12-26 04:00:00+00:00,41.47450666666666
2023-12-26 05:00:00+00:00,39.11203
2023-12-26 06:00:00+00:00,38.36520083333333
2023-12-26 07:00:00+00:00,37.12406166666667
2023-12-26 08:00:00+00:00,39.03693833333333
2023-12-26 09:00:00+00:00,40.608448333333335
2023-12-26 10:00:00+00:00,39.46882083333333
2023-12-26 11:00:00+00:00,36.842130833333336
2023-12-26 12:00:00+00:00,37.096940833333335
2023-12-26 13:00:00+00:00,41.45592083333333
2023-12-26 14:00:00+00:00,41.4709925
2023-12-26 15:00:00+00:00,38.275885833333334
2023-12-26 16:00:00+00:00,36.058166666666665
2023-12-26 17:00:00+00:00,40.889133333333334
2023-12-26 18:00:00+00:00,34.06095416666667
2023-12-26 19:00:00+00:00,34.477380000000004
2023-12-26 20:00:00+00:00,25.0032175
2023-12-26 21:00:00+00:00,26.9926725
2023-12-26 22:00:00+00:00,30.865574166666665
2023-12-26 23:00:00+00:00,45.726364999999994
2023-12-27 00:00:00+00:00,46.02155416666667
2023-12-27 01:00:00+00:00,45.65211583333333
2023-12-27 02:00:00+00:00,40.86103833333333
2023-12-27 03:00:00+00:00,41.2196375
2023-12-27 04:00:00+00:00,42.223084166666666
2023-12-27 05:00:00+00:00,43.29948083333333
2023-12-27 06:00:00+00:00,42.576879999999996
2023-12-27 07:00:00+00:00,40.31169916666666
2023-12-27 08:00:00+00:00,39.53742333333334
2023-12-27 09:00:00+00:00,38.3907575
2023-12-27 10:00:00+00:00,38.37833916666667
2023-12-27 11:00:00+00:00,41.03387333333333
2023-12-27 12:00:00+00:00,42.93663916666667
2023-12-27 13:00:00+00:00,45.46355166666667
2023-12-27 14:00:00+00:00,45.64932083333333
2023-12-27 15:00:00+00:00,44.460205
2023-12-27 16:00:00+00:00,42.72653
2023-12-27 17:00:00+00:00,42.22802166666667
2023-12-27 18:00:00+00:00,45.568640833333326
2023-12-27 19:00:00+00:00,36.87361
2023-12-27 20:00:00+00:00,39.616548333333334
2023-12-27 21:00:00+00:00,38.8058675
2023-12-27 22:00:00+00:00,43.28695833333333
2023-12-27 23:00:00+00:00,47.0644725
2023-12-28 00:00:00+00:00,46.58140083333333
2023-12-28 01:00:00+00:00,50.78133916666667
2023-12-28 02:00:00+00:00,49.93890583333334
2023-12-28 03:00:00+00:00,50.1389725
2023-12-28 04:00:00+00:00,50.835117499999996
2023-12-28 05:00:00+00:00,51.32588666666667
2023-12-28 06:00:00+00:00,52.6272025
2023-12-28 07:00:00+00:00,46.61708333333333
2023-12-28 08:00:00+00:00,44.89467666666667
2023-12-28 09:00:00+00:00,40.602491666666666
2023-12-28 10:00:00+00:00,40.2698725
2023-12-28 11:00:00+00:00,39.17255083333333
2023-12-28 12:00:00+00:00,40.66955333333333
2023-12-28 13:00:00+00:00,45.9144025
2023-12-28 14:00:00+00:00,57.006930000000004
2023-12-28 15:00:00+00:00,51.27186333333333
2023-12-28 16:00:00+00:00,27.6652875
2023-12-28 17:00:00+00:00,26.290164166666667
2023-12-28 18:00:00+00:00,34.20975583333333
2023-12-28 19:00:00+00:00,36.326865833333336
2023-12-28 20:00:00+00:00,35.495687499999995
2023-12-28 21:00:00+00:00,34.483995
2023-12-28 22:00:00+00:00,32.40284583333334
2023-12-28 23:00:00+00:00,34.194265
2023-12-29 00:00:00+00:00,44.31985916666667
2023-12-29 01:00:00+00:00,48.65222583333334
2023-12-29 02:00:00+00:00,47.22389666666667
2023-12-29 03:00:00+00:00,46.114829166666674
2023-12-29 04:00:00+00:00,47.18810833333333
2023-12-29 05:00:00+00:00,49.07560916666667
2023-12-29 06:00:00+00:00,42.282335833333335
2023-12-29 07:00:00+00:00,38.85395333333334
2023-12-29 08:00:00+00:00,39.95608
2023-12-29 09:00:00+00:00,38.121653333333335
2023-12-29 10:00:00+00:00,37.23368166666666
2023-12-29 11:00:00+00:00,37.02677833333333
2023-12-29 12:00:00+00:00,37.9167425
2023-12-29 13:00:00+00:00,40.23092833333333
2023-12-29 14:00:00+00:00,43.692101666666666
2023-12-29 15:00:00+00:00,45.57011
2023-12-29 16:00:00+00:00,37.964377500000005
2023-12-29 17:00:00+00:00,34.07341833333333
2023-12-29 18:00:00+00:00,33.29091416666667
2023-12-29 19:00:00+00:00,33.89785
2023-12-29 20:00:00+00:00,29.106234166666667
2023-12-29 21:00:00+00:00,32.57078166666667
2023-12-29 22:00:00+00:00,37.94965333333334
2023-12-29 23:00:00+00:00,44.839827500000006
2023-12-30 00:00:00+00:00,45.811798333333336
2023-12-30 01:00:00+00:00,46.170098333333335
2023-12-30 02:00:00+00:00,48.08994833333333
2023-12-30 03:00:00+00:00,50.532421666666664
2023-12-30 04:00:00+00:00,51.653690833333336
2023-12-30 05:00:00+00:00,52.13997333333333
2023-12-30 06:00:00+00:00,50.06984833333333
2023-12-30 07:00:00+00:00,50.19300333333334
2023-12-30 08:00:00+00:00,43.9331525
2023-12-30 09:00:00+00:00,42.46343666666667
2023-12-30 10:00:00+00:00,40.2859475
2023-12-30 11:00:00+00:00,39.120042500000004
2023-12-30 12:00:00+00:00,39.01508416666667
2023-12-30 13:00:00+00:00,40.850251666666665
2023-12-30 14:00:00+00:00,40.06164916666666
2023-12-30 15:00:00+00:00,40.16925916666667
2023-12-30 16:00:00+00:00,46.260600833333335
2023-12-30 17:00:00+00:00,47.5410925
2023-12-30 18:00:00+00:00,45.98246833333334
2023-12-30 19:00:00+00:00,44.695751666666666
2023-12-30 20:00:00+00:00,46.04163583333334
2023-12-30 21:00:00+00:00,41.521679166666665
2023-12-30 22:00:00+00:00,39.903573333333334
2023-12-30 23:00:00+00:00,34.76811333333333
2023-12-31 00:00:00+00:00,43.22821
2023-12-31 01:00:00+00:00,45.50383083333333
2023-12-31 02:00:00+00:00,43.95523166666667
2023-12-31 03:00:00+00:00,41.44909083333334
2023-12-31 04:00:00+00:00,37.82803166666667
2023-12-31 05:00:00+00:00,39.891441666666665
2023-12-31 06:00:00+00:00,38.02279083333333
2023-12-31 07:00:00+00:00,36.81543083333333
2023-12-31 08:00:00+00:00,39.26735583333333
2023-12-31 09:00:00+00:00,38.442296666666664
2023-12-31 10:00:00+00:00,38.631388333333334
2023-12-31 11:00:00+00:00,38.8111725
2023-12-31 12:00:00+00:00,40.31040333333333
2023-12-31 13:00:00+00:00,41.3942975
2023-12-31 14:00:00+00:00,40.949106666666665
2023-12-31 15:00:00+00:00,38.22200416666667
2023-12-31 16:00:00+00:00,37.88265833333333
2023-12-31 17:00:00+00:00,38.12468166666667
2023-12-31 18:00:00+00:00,38.79239916666666
2023-12-31 19:00:00+00:00,37.4623225
2023-12-31 20:00:00+00:00,38.0582275
2023-12-31 21:00:00+00:00,42.28461166666667
2023-12-31 22:00:00+00:00,48.60869333333333
2023-12-31 23:00:00+00:00,49.4940925
